"id","state_county","enrollees"
1001,"AL-Autauga County",4649
1003,"AL-Baldwin County",22607
1005,"AL-Barbour County",3037
1007,"AL-Bibb County",1839
1009,"AL-Blount County",4408
1011,"AL-Bullock County",1054
1013,"AL-Butler County",2932
1015,"AL-Calhoun County",15503
1017,"AL-Chambers County",4806
1019,"AL-Cherokee County",3068
1021,"AL-Chilton County",3143
1023,"AL-Choctaw County",2175
1025,"AL-Clarke County",3286
1027,"AL-Clay County",1983
1029,"AL-Cleburne County",1969
1031,"AL-Coffee County",6435
1033,"AL-Colbert County",8168
1035,"AL-Conecuh County",1849
1037,"AL-Coosa County",1532
1039,"AL-Covington County",6187
1041,"AL-Crenshaw County",1758
1043,"AL-Cullman County",9991
1045,"AL-Dale County",5419
1047,"AL-Dallas County",4464
1049,"AL-DeKalb County",7924
1051,"AL-Elmore County",8302
1053,"AL-Escambia County",5010
1055,"AL-Etowah County",12847
1057,"AL-Fayette County",2501
1059,"AL-Franklin County",4506
1061,"AL-Geneva County",4200
1063,"AL-Greene County",1142
1065,"AL-Hale County",1910
1067,"AL-Henry County",2790
1069,"AL-Houston County",13091
1071,"AL-Jackson County",7749
1073,"AL-Jefferson County",45926
1075,"AL-Lamar County",2350
1077,"AL-Lauderdale County",13309
1079,"AL-Lawrence County",5200
1081,"AL-Lee County",11530
1083,"AL-Limestone County",8804
1085,"AL-Lowndes County",1409
1087,"AL-Macon County",1933
1089,"AL-Madison County",35993
1091,"AL-Marengo County",2877
1093,"AL-Marion County",4614
1095,"AL-Marshall County",12368
1097,"AL-Mobile County",29588
1099,"AL-Monroe County",2770
1101,"AL-Montgomery County",18777
1103,"AL-Morgan County",14804
1105,"AL-Perry County",1413
1107,"AL-Pickens County",2884
1109,"AL-Pike County",3664
1111,"AL-Randolph County",3259
1113,"AL-Russell County",5178
1115,"AL-St. Clair County",6103
1117,"AL-Shelby County",16105
1119,"AL-Sumter County",1609
1121,"AL-Talladega County",8536
1123,"AL-Tallapoosa County",5737
1125,"AL-Tuscaloosa County",19533
1127,"AL-Walker County",6839
1129,"AL-Washington County",2253
1131,"AL-Wilcox County",1489
1133,"AL-Winston County",3857
2013,"AK-Aleutians East Borough",103
2016,"AK-Aleutians West Census Area",117
2020,"AK-Anchorage Municipality",21442
2050,"AK-Bethel Census Area",853
2060,"AK-Bristol Bay Borough",93
2068,"AK-Denali Borough",144
2070,"AK-Dillingham Census Area",289
2090,"AK-Fairbanks North Star Borough",6256
2100,"AK-Haines Borough",396
2105,"2105",302
2110,"AK-Juneau City and Borough",2927
2122,"AK-Kenai Peninsula Borough",6852
2130,"AK-Ketchikan Gateway Borough",1467
2150,"AK-Kodiak Island Borough",962
2164,"AK-Lake and Peninsula Borough",136
2170,"AK-Matanuska-Susitna Borough",7619
2180,"AK-Nome Census Area",511
2185,"AK-North Slope Borough",483
2188,"AK-Northwest Arctic Borough",343
2195,"2195",505
2198,"2198",624
2220,"AK-Sitka City and Borough",906
2230,"2230",110
2240,"AK-Southeast Fairbanks Census Area",926
2261,"AK-Valdez-Cordova Census Area",911
2270,"AK-Wade Hampton Census Area",351
2275,"2275",372
2282,"AK-Yakutat City and Borough",81
2290,"AK-Yukon-Koyukuk Census Area",553
4001,"AZ-Apache County",6567
4003,"AZ-Cochise County",14938
4005,"AZ-Coconino County",9961
4007,"AZ-Gila County",10195
4009,"AZ-Graham County",2601
4011,"AZ-Greenlee County",811
4012,"AZ-La Paz County",3394
4013,"AZ-Maricopa County",249117
4015,"AZ-Mohave County",32884
4017,"AZ-Navajo County",11283
4019,"AZ-Pima County",73821
4021,"AZ-Pinal County",30336
4023,"AZ-Santa Cruz County",2868
4025,"AZ-Yavapai County",40256
4027,"AZ-Yuma County",18439
5001,"AR-Arkansas County",2692
5003,"AR-Ashley County",3205
5005,"AR-Baxter County",8405
5007,"AR-Benton County",18420
5009,"AR-Boone County",5296
5011,"AR-Bradley County",1614
5013,"AR-Calhoun County",619
5015,"AR-Carroll County",3657
5017,"AR-Chicot County",1777
5019,"AR-Clark County",2870
5021,"AR-Clay County",2667
5023,"AR-Cleburne County",5066
5025,"AR-Cleveland County",1177
5027,"AR-Columbia County",3330
5029,"AR-Conway County",2708
5031,"AR-Craighead County",10082
5033,"AR-Crawford County",5292
5035,"AR-Crittenden County",4355
5037,"AR-Cross County",2242
5039,"AR-Dallas County",1092
5041,"AR-Desha County",1823
5043,"AR-Drew County",2120
5045,"AR-Faulkner County",10915
5047,"AR-Franklin County",2204
5049,"AR-Fulton County",1631
5051,"AR-Garland County",13074
5053,"AR-Grant County",2099
5055,"AR-Greene County",4862
5057,"AR-Hempstead County",2401
5059,"AR-Hot Spring County",3977
5061,"AR-Howard County",1879
5063,"AR-Independence County",5723
5065,"AR-Izard County",2517
5067,"AR-Jackson County",2792
5069,"AR-Jefferson County",7452
5071,"AR-Johnson County",2603
5073,"AR-Lafayette County",984
5075,"AR-Lawrence County",2334
5077,"AR-Lee County",945
5079,"AR-Lincoln County",1263
5081,"AR-Little River County",1886
5083,"AR-Logan County",2755
5085,"AR-Lonoke County",7260
5087,"AR-Madison County",1621
5089,"AR-Marion County",2577
5091,"AR-Miller County",4599
5093,"AR-Mississippi County",4372
5095,"AR-Monroe County",1156
5097,"AR-Montgomery County",1442
5099,"AR-Nevada County",1171
5101,"AR-Newton County",1196
5103,"AR-Ouachita County",3148
5105,"AR-Perry County",1502
5107,"AR-Phillips County",2304
5109,"AR-Pike County",1571
5111,"AR-Poinsett County",3256
5113,"AR-Polk County",3486
5115,"AR-Pope County",6644
5117,"AR-Prairie County",1334
5119,"AR-Pulaski County",37383
5121,"AR-Randolph County",2587
5123,"AR-St. Francis County",2667
5125,"AR-Saline County",17818
5127,"AR-Scott County",1058
5129,"AR-Searcy County",1401
5131,"AR-Sebastian County",11509
5133,"AR-Sevier County",1803
5135,"AR-Sharp County",3028
5137,"AR-Stone County",2327
5139,"AR-Union County",5569
5141,"AR-Van Buren County",2870
5143,"AR-Washington County",16170
5145,"AR-White County",9286
5147,"AR-Woodruff County",1163
5149,"AR-Yell County",2693
6001,"CA-Alameda County",74074
6003,"CA-Alpine County",147
6005,"CA-Amador County",6351
6007,"CA-Butte County",33477
6009,"CA-Calaveras County",7977
6011,"CA-Colusa County",2208
6013,"CA-Contra Costa County",59065
6015,"CA-Del Norte County",3501
6017,"CA-El Dorado County",18312
6019,"CA-Fresno County",56830
6021,"CA-Glenn County",3935
6023,"CA-Humboldt County",17401
6025,"CA-Imperial County",15705
6027,"CA-Inyo County",3416
6029,"CA-Kern County",41684
6031,"CA-Kings County",9411
6033,"CA-Lake County",10530
6035,"CA-Lassen County",2846
6037,"CA-Los Angeles County",415380
6039,"CA-Madera County",10415
6041,"CA-Marin County",25691
6043,"CA-Mariposa County",3224
6045,"CA-Mendocino County",13465
6047,"CA-Merced County",21728
6049,"CA-Modoc County",1658
6051,"CA-Mono County",1033
6053,"CA-Monterey County",42280
6055,"CA-Napa County",11909
6057,"CA-Nevada County",15870
6059,"CA-Orange County",170178
6061,"CA-Placer County",29351
6063,"CA-Plumas County",4234
6065,"CA-Riverside County",91596
6067,"CA-Sacramento County",67842
6069,"CA-San Benito County",5076
6071,"CA-San Bernardino County",57888
6073,"CA-San Diego County",158590
6075,"CA-San Francisco County",52668
6077,"CA-San Joaquin County",40191
6079,"CA-San Luis Obispo County",37506
6081,"CA-San Mateo County",45347
6083,"CA-Santa Barbara County",44576
6085,"CA-Santa Clara County",103921
6087,"CA-Santa Cruz County",28614
6089,"CA-Shasta County",27782
6091,"CA-Sierra County",598
6093,"CA-Siskiyou County",9036
6095,"CA-Solano County",22461
6097,"CA-Sonoma County",39441
6099,"CA-Stanislaus County",28237
6101,"CA-Sutter County",11071
6103,"CA-Tehama County",11262
6105,"CA-Trinity County",2463
6107,"CA-Tulare County",35221
6109,"CA-Tuolumne County",10574
6111,"CA-Ventura County",66326
6113,"CA-Yolo County",9828
6115,"CA-Yuba County",6924
8001,"CO-Adams County",13431
8003,"CO-Alamosa County",1272
8005,"CO-Arapahoe County",30635
8007,"CO-Archuleta County",2038
8009,"CO-Baca County",830
8011,"CO-Bent County",611
8013,"CO-Boulder County",16716
8014,"8014",3014
8015,"CO-Chaffee County",3035
8017,"CO-Cheyenne County",248
8019,"CO-Clear Creek County",451
8021,"CO-Conejos County",848
8023,"CO-Costilla County",497
8025,"CO-Crowley County",445
8027,"CO-Custer County",841
8029,"CO-Delta County",4694
8031,"CO-Denver County",24979
8033,"CO-Dolores County",323
8035,"CO-Douglas County",14796
8037,"CO-Eagle County",2512
8039,"CO-Elbert County",1321
8041,"CO-El Paso County",44383
8043,"CO-Fremont County",5600
8045,"CO-Garfield County",4938
8047,"CO-Gilpin County",274
8049,"CO-Grand County",1411
8051,"CO-Gunnison County",1361
8053,"CO-Hinsdale County",149
8055,"CO-Huerfano County",1257
8057,"CO-Jackson County",238
8059,"CO-Jefferson County",27385
8061,"CO-Kiowa County",263
8063,"CO-Kit Carson County",1153
8065,"CO-Lake County",527
8067,"CO-La Plata County",5751
8069,"CO-Larimer County",27033
8071,"CO-Las Animas County",2102
8073,"CO-Lincoln County",808
8075,"CO-Logan County",2573
8077,"CO-Mesa County",12836
8079,"CO-Mineral County",168
8081,"CO-Moffat County",1315
8083,"CO-Montezuma County",3739
8085,"CO-Montrose County",5740
8087,"CO-Morgan County",3187
8089,"CO-Otero County",2618
8091,"CO-Ouray County",667
8093,"CO-Park County",1268
8095,"CO-Phillips County",794
8097,"CO-Pitkin County",2154
8099,"CO-Prowers County",1722
8101,"CO-Pueblo County",14200
8103,"CO-Rio Blanco County",617
8105,"CO-Rio Grande County",1503
8107,"CO-Routt County",2152
8109,"CO-Saguache County",693
8111,"CO-San Juan County",99
8113,"CO-San Miguel County",534
8115,"CO-Sedgwick County",497
8117,"CO-Summit County",1968
8119,"CO-Teller County",2304
8121,"CO-Washington County",725
8123,"CO-Weld County",19727
8125,"CO-Yuma County",1443
9001,"CT-Fairfield County",85478
9003,"CT-Hartford County",83104
9005,"CT-Litchfield County",23290
9007,"CT-Middlesex County",18283
9009,"CT-New Haven County",76850
9011,"CT-New London County",30326
9013,"CT-Tolland County",13198
9015,"CT-Windham County",11134
10001,"DE-Kent County",24117
10003,"DE-New Castle County",58139
10005,"DE-Sussex County",40541
11001,"DC-District of Columbia",45102
12001,"FL-Alachua County",22535
12003,"FL-Baker County",2169
12005,"FL-Bay County",20849
12007,"FL-Bradford County",2672
12009,"FL-Brevard County",68520
12011,"FL-Broward County",93320
12013,"FL-Calhoun County",1437
12015,"FL-Charlotte County",33935
12017,"FL-Citrus County",29661
12019,"FL-Clay County",20450
12021,"FL-Collier County",57208
12023,"FL-Columbia County",9059
12027,"FL-DeSoto County",3746
12029,"FL-Dixie County",2475
12031,"FL-Duval County",70333
12033,"FL-Escambia County",33300
12035,"FL-Flagler County",15162
12037,"FL-Franklin County",1494
12039,"FL-Gadsden County",2884
12041,"FL-Gilchrist County",2062
12043,"FL-Glades County",788
12045,"FL-Gulf County",2291
12047,"FL-Hamilton County",1590
12049,"FL-Hardee County",2354
12051,"FL-Hendry County",2548
12053,"FL-Hernando County",20562
12055,"FL-Highlands County",18210
12057,"FL-Hillsborough County",78019
12059,"FL-Holmes County",2528
12061,"FL-Indian River County",28347
12063,"FL-Jackson County",6758
12065,"FL-Jefferson County",1282
12067,"FL-Lafayette County",661
12069,"FL-Lake County",54710
12071,"FL-Lee County",89982
12073,"FL-Leon County",13708
12075,"FL-Levy County",5405
12077,"FL-Liberty County",572
12079,"FL-Madison County",2227
12081,"FL-Manatee County",45137
12083,"FL-Marion County",47564
12085,"FL-Martin County",27234
12086,"FL-Miami-Dade County",110028
12087,"FL-Monroe County",10774
12089,"FL-Nassau County",9928
12091,"FL-Okaloosa County",24538
12093,"FL-Okeechobee County",4246
12095,"FL-Orange County",64742
12097,"FL-Osceola County",13606
12099,"FL-Palm Beach County",152860
12101,"FL-Pasco County",40600
12103,"FL-Pinellas County",89406
12105,"FL-Polk County",54826
12107,"FL-Putnam County",9311
12109,"FL-St. Johns County",26589
12111,"FL-St. Lucie County",30860
12113,"FL-Santa Rosa County",16038
12115,"FL-Sarasota County",80425
12117,"FL-Seminole County",29099
12119,"FL-Sumter County",33939
12121,"FL-Suwannee County",6319
12123,"FL-Taylor County",2251
12125,"FL-Union County",1120
12127,"FL-Volusia County",55384
12129,"FL-Wakulla County",1780
12131,"FL-Walton County",7498
12133,"FL-Washington County",2986
13001,"GA-Appling County",1739
13003,"GA-Atkinson County",670
13005,"GA-Bacon County",913
13007,"GA-Baker County",214
13009,"GA-Baldwin County",2748
13011,"GA-Banks County",1724
13013,"GA-Barrow County",7246
13015,"GA-Bartow County",8110
13017,"GA-Ben Hill County",1796
13019,"GA-Berrien County",1815
13021,"GA-Bibb County",14769
13023,"GA-Bleckley County",1511
13025,"GA-Brantley County",1017
13027,"GA-Brooks County",1751
13029,"GA-Bryan County",2482
13031,"GA-Bulloch County",4567
13033,"GA-Burke County",1582
13035,"GA-Butts County",2239
13037,"GA-Calhoun County",413
13039,"GA-Camden County",3931
13043,"GA-Candler County",950
13045,"GA-Carroll County",9994
13047,"GA-Catoosa County",4737
13049,"GA-Charlton County",1068
13051,"GA-Chatham County",22067
13053,"GA-Chattahoochee County",278
13055,"GA-Chattooga County",2658
13057,"GA-Cherokee County",16775
13059,"GA-Clarke County",7409
13061,"GA-Clay County",278
13063,"GA-Clayton County",9412
13065,"GA-Clinch County",564
13067,"GA-Cobb County",43500
13069,"GA-Coffee County",3216
13071,"GA-Colquitt County",4008
13073,"GA-Columbia County",11008
13075,"GA-Cook County",1634
13077,"GA-Coweta County",9591
13079,"GA-Crawford County",466
13081,"GA-Crisp County",1823
13083,"GA-Dade County",1534
13085,"GA-Dawson County",2565
13087,"GA-Decatur County",2552
13089,"GA-DeKalb County",37225
13091,"GA-Dodge County",1720
13093,"GA-Dooly County",936
13095,"GA-Dougherty County",8462
13097,"GA-Douglas County",7957
13099,"GA-Early County",1273
13101,"GA-Echols County",148
13103,"GA-Effingham County",3489
13105,"GA-Elbert County",2451
13107,"GA-Emanuel County",1848
13109,"GA-Evans County",1019
13111,"GA-Fannin County",4093
13113,"GA-Fayette County",11212
13115,"GA-Floyd County",9932
13117,"GA-Forsyth County",9731
13119,"GA-Franklin County",2631
13121,"GA-Fulton County",50826
13123,"GA-Gilmer County",3886
13125,"GA-Glascock County",368
13127,"GA-Glynn County",9400
13129,"GA-Gordon County",5287
13131,"GA-Grady County",2124
13133,"GA-Greene County",2774
13135,"GA-Gwinnett County",36627
13137,"GA-Habersham County",5084
13139,"GA-Hall County",15206
13141,"GA-Hancock County",693
13143,"GA-Haralson County",2578
13145,"GA-Harris County",3306
13147,"GA-Hart County",3167
13149,"GA-Heard County",806
13151,"GA-Henry County",13889
13153,"GA-Houston County",12602
13155,"GA-Irwin County",973
13157,"GA-Jackson County",4675
13159,"GA-Jasper County",1126
13161,"GA-Jeff Davis County",1380
13163,"GA-Jefferson County",1568
13165,"GA-Jenkins County",851
13167,"GA-Johnson County",1172
13169,"GA-Jones County",1399
13171,"GA-Lamar County",1509
13173,"GA-Lanier County",587
13175,"GA-Laurens County",4525
13177,"GA-Lee County",1822
13179,"GA-Liberty County",2996
13181,"GA-Lincoln County",881
13183,"GA-Long County",543
13185,"GA-Lowndes County",9058
13187,"GA-Lumpkin County",2756
13189,"GA-McDuffie County",1797
13191,"GA-McIntosh County",1340
13193,"GA-Macon County",871
13195,"GA-Madison County",2655
13197,"GA-Marion County",585
13199,"GA-Meriwether County",1811
13201,"GA-Miller County",672
13205,"GA-Mitchell County",2205
13207,"GA-Monroe County",1816
13209,"GA-Montgomery County",648
13211,"GA-Morgan County",1940
13213,"GA-Murray County",3487
13215,"GA-Muscogee County",15612
13217,"GA-Newton County",6867
13219,"GA-Oconee County",2950
13221,"GA-Oglethorpe County",1821
13223,"GA-Paulding County",5862
13225,"GA-Peach County",3205
13227,"GA-Pickens County",4481
13229,"GA-Pierce County",2095
13231,"GA-Pike County",1576
13233,"GA-Polk County",4453
13235,"GA-Pulaski County",1373
13237,"GA-Putnam County",2635
13239,"GA-Quitman County",379
13241,"GA-Rabun County",2852
13243,"GA-Randolph County",716
13245,"GA-Richmond County",13521
13247,"GA-Rockdale County",5682
13249,"GA-Schley County",336
13251,"GA-Screven County",1434
13253,"GA-Seminole County",1150
13255,"GA-Spalding County",5709
13257,"GA-Stephens County",3806
13259,"GA-Stewart County",205
13261,"GA-Sumter County",2719
13263,"GA-Talbot County",627
13265,"GA-Taliaferro County",189
13267,"GA-Tattnall County",1827
13269,"GA-Taylor County",726
13271,"GA-Telfair County",1227
13273,"GA-Terrell County",921
13275,"GA-Thomas County",4573
13277,"GA-Tift County",3529
13279,"GA-Toombs County",2944
13281,"GA-Towns County",2619
13283,"GA-Treutlen County",605
13285,"GA-Troup County",5946
13287,"GA-Turner County",952
13289,"GA-Twiggs County",721
13291,"GA-Union County",4370
13293,"GA-Upson County",2622
13295,"GA-Walker County",8026
13297,"GA-Walton County",8634
13299,"GA-Ware County",4154
13301,"GA-Warren County",554
13303,"GA-Washington County",1749
13305,"GA-Wayne County",3190
13307,"GA-Webster County",412
13309,"GA-Wheeler County",487
13311,"GA-White County",3544
13313,"GA-Whitfield County",9462
13315,"GA-Wilcox County",699
13317,"GA-Wilkes County",1373
13319,"GA-Wilkinson County",1000
13321,"GA-Worth County",1771
15001,"HI-Hawaii County",14091
15003,"HI-Honolulu County",58142
15005,"HI-Kalawao County",10
15007,"HI-Kauai County",5364
15009,"HI-Maui County",7970
16001,"ID-Ada County",23826
16003,"ID-Adams County",697
16005,"ID-Bannock County",6022
16007,"ID-Bear Lake County",1005
16009,"ID-Benewah County",1402
16011,"ID-Bingham County",3812
16013,"ID-Blaine County",2240
16015,"ID-Boise County",469
16017,"ID-Bonner County",5424
16019,"ID-Bonneville County",9008
16021,"ID-Boundary County",1384
16023,"ID-Butte County",501
16025,"ID-Camas County",116
16027,"ID-Canyon County",10258
16029,"ID-Caribou County",1024
16031,"ID-Cassia County",2307
16033,"ID-Clark County",78
16035,"ID-Clearwater County",1768
16037,"ID-Custer County",816
16039,"ID-Elmore County",2187
16041,"ID-Franklin County",1590
16043,"ID-Fremont County",1298
16045,"ID-Gem County",1628
16047,"ID-Gooding County",1272
16049,"ID-Idaho County",2861
16051,"ID-Jefferson County",1941
16053,"ID-Jerome County",1610
16055,"ID-Kootenai County",15462
16057,"ID-Latah County",3243
16059,"ID-Lemhi County",1832
16061,"ID-Lewis County",1292
16063,"ID-Lincoln County",465
16065,"ID-Madison County",1747
16067,"ID-Minidoka County",2115
16069,"ID-Nez Perce County",5409
16071,"ID-Oneida County",586
16073,"ID-Owyhee County",841
16075,"ID-Payette County",2073
16077,"ID-Power County",655
16079,"ID-Shoshone County",1995
16081,"ID-Teton County",747
16083,"ID-Twin Falls County",7930
16085,"ID-Valley County",1275
16087,"ID-Washington County",1280
17001,"IL-Adams County",9740
17003,"IL-Alexander County",1076
17005,"IL-Bond County",2449
17007,"IL-Boone County",4715
17009,"IL-Brown County",630
17011,"IL-Bureau County",5305
17013,"IL-Calhoun County",828
17015,"IL-Carroll County",2613
17017,"IL-Cass County",1663
17019,"IL-Champaign County",9086
17021,"IL-Christian County",4442
17023,"IL-Clark County",2374
17025,"IL-Clay County",2372
17027,"IL-Clinton County",4144
17029,"IL-Coles County",5147
17031,"IL-Cook County",415884
17033,"IL-Crawford County",3087
17035,"IL-Cumberland County",1484
17037,"IL-DeKalb County",8990
17039,"IL-De Witt County",1986
17041,"IL-Douglas County",1880
17043,"IL-DuPage County",92692
17045,"IL-Edgar County",2591
17047,"IL-Edwards County",988
17049,"IL-Effingham County",4791
17051,"IL-Fayette County",2997
17053,"IL-Ford County",1821
17055,"IL-Franklin County",5589
17057,"IL-Fulton County",4706
17059,"IL-Gallatin County",875
17061,"IL-Greene County",2117
17063,"IL-Grundy County",5689
17065,"IL-Hamilton County",1222
17067,"IL-Hancock County",3138
17069,"IL-Hardin County",670
17071,"IL-Henderson County",1103
17073,"IL-Henry County",7104
17075,"IL-Iroquois County",4408
17077,"IL-Jackson County",4594
17079,"IL-Jasper County",1350
17081,"IL-Jefferson County",5290
17083,"IL-Jersey County",2702
17085,"IL-Jo Daviess County",2936
17087,"IL-Johnson County",1577
17089,"IL-Kane County",33394
17091,"IL-Kankakee County",12409
17093,"IL-Kendall County",7403
17095,"IL-Knox County",6247
17097,"IL-Lake County",68953
17099,"IL-La Salle County",15259
17101,"IL-Lawrence County",2291
17103,"IL-Lee County",4561
17105,"IL-Livingston County",4125
17107,"IL-Logan County",3324
17109,"IL-McDonough County",3205
17111,"IL-McHenry County",35102
17113,"IL-McLean County",12281
17115,"IL-Macon County",14361
17117,"IL-Macoupin County",7142
17119,"IL-Madison County",25890
17121,"IL-Marion County",6530
17123,"IL-Marshall County",1931
17125,"IL-Mason County",1989
17127,"IL-Massac County",2215
17129,"IL-Menard County",1418
17131,"IL-Mercer County",2564
17133,"IL-Monroe County",3023
17135,"IL-Montgomery County",4309
17137,"IL-Morgan County",4434
17139,"IL-Moultrie County",1803
17141,"IL-Ogle County",5731
17143,"IL-Peoria County",17572
17145,"IL-Perry County",2787
17147,"IL-Piatt County",1794
17149,"IL-Pike County",2626
17151,"IL-Pope County",898
17153,"IL-Pulaski County",903
17155,"IL-Putnam County",854
17157,"IL-Randolph County",3964
17159,"IL-Richland County",2649
17161,"IL-Rock Island County",17911
17163,"IL-St. Clair County",20555
17165,"IL-Saline County",3520
17167,"IL-Sangamon County",16698
17169,"IL-Schuyler County",1067
17171,"IL-Scott County",690
17173,"IL-Shelby County",3672
17175,"IL-Stark County",913
17177,"IL-Stephenson County",5560
17179,"IL-Tazewell County",16492
17181,"IL-Union County",2325
17183,"IL-Vermilion County",7381
17185,"IL-Wabash County",1834
17187,"IL-Warren County",2077
17189,"IL-Washington County",1956
17191,"IL-Wayne County",2707
17193,"IL-White County",2777
17195,"IL-Whiteside County",8613
17197,"IL-Will County",54368
17199,"IL-Williamson County",8722
17201,"IL-Winnebago County",27731
17203,"IL-Woodford County",4223
18001,"IN-Adams County",2660
18003,"IN-Allen County",22238
18005,"IN-Bartholomew County",8946
18007,"IN-Benton County",1199
18009,"IN-Blackford County",1904
18011,"IN-Boone County",5182
18013,"IN-Brown County",1210
18015,"IN-Carroll County",2035
18017,"IN-Cass County",4569
18019,"IN-Clark County",11679
18021,"IN-Clay County",3456
18023,"IN-Clinton County",3943
18025,"IN-Crawford County",1480
18027,"IN-Daviess County",3611
18029,"IN-Dearborn County",6052
18031,"IN-Decatur County",2754
18033,"IN-DeKalb County",2624
18035,"IN-Delaware County",14532
18037,"IN-Dubois County",5680
18039,"IN-Elkhart County",16135
18041,"IN-Fayette County",3464
18043,"IN-Floyd County",7849
18045,"IN-Fountain County",2918
18047,"IN-Franklin County",1822
18049,"IN-Fulton County",1871
18051,"IN-Gibson County",3841
18053,"IN-Grant County",9055
18055,"IN-Greene County",4530
18057,"IN-Hamilton County",19904
18059,"IN-Hancock County",6953
18061,"IN-Harrison County",4612
18063,"IN-Hendricks County",11663
18065,"IN-Henry County",6381
18067,"IN-Howard County",12212
18069,"IN-Huntington County",3103
18071,"IN-Jackson County",4568
18073,"IN-Jasper County",4534
18075,"IN-Jay County",1997
18077,"IN-Jefferson County",4652
18079,"IN-Jennings County",3007
18081,"IN-Johnson County",12937
18083,"IN-Knox County",5362
18085,"IN-Kosciusko County",6112
18087,"IN-LaGrange County",2481
18089,"IN-Lake County",53689
18091,"IN-LaPorte County",13767
18093,"IN-Lawrence County",6373
18095,"IN-Madison County",15774
18097,"IN-Marion County",65645
18099,"IN-Marshall County",4203
18101,"IN-Martin County",1645
18103,"IN-Miami County",4067
18105,"IN-Monroe County",11242
18107,"IN-Montgomery County",4475
18109,"IN-Morgan County",7558
18111,"IN-Newton County",1557
18113,"IN-Noble County",3132
18115,"IN-Ohio County",688
18117,"IN-Orange County",2637
18119,"IN-Owen County",2688
18121,"IN-Parke County",2201
18123,"IN-Perry County",2562
18125,"IN-Pike County",1612
18127,"IN-Porter County",17165
18129,"IN-Posey County",2612
18131,"IN-Pulaski County",1847
18133,"IN-Putnam County",3415
18135,"IN-Randolph County",3797
18137,"IN-Ripley County",3228
18139,"IN-Rush County",2076
18141,"IN-St. Joseph County",24660
18143,"IN-Scott County",2555
18145,"IN-Shelby County",5447
18147,"IN-Spencer County",2791
18149,"IN-Starke County",2893
18151,"IN-Steuben County",3215
18153,"IN-Sullivan County",2811
18155,"IN-Switzerland County",1041
18157,"IN-Tippecanoe County",13196
18159,"IN-Tipton County",2129
18161,"IN-Union County",951
18163,"IN-Vanderburgh County",18149
18165,"IN-Vermillion County",2294
18167,"IN-Vigo County",12357
18169,"IN-Wabash County",3391
18171,"IN-Warren County",915
18173,"IN-Warrick County",6340
18175,"IN-Washington County",2472
18177,"IN-Wayne County",9772
18179,"IN-Wells County",2518
18181,"IN-White County",3901
18183,"IN-Whitley County",2360
19001,"IA-Adair County",1493
19003,"IA-Adams County",751
19005,"IA-Allamakee County",2470
19007,"IA-Appanoose County",2176
19009,"IA-Audubon County",1192
19011,"IA-Benton County",3043
19013,"IA-Black Hawk County",15105
19015,"IA-Boone County",3470
19017,"IA-Bremer County",4313
19019,"IA-Buchanan County",2588
19021,"IA-Buena Vista County",2511
19023,"IA-Butler County",2736
19025,"IA-Calhoun County",1830
19027,"IA-Carroll County",3093
19029,"IA-Cass County",2613
19031,"IA-Cedar County",2562
19033,"IA-Cerro Gordo County",7735
19035,"IA-Cherokee County",2125
19037,"IA-Chickasaw County",2197
19039,"IA-Clarke County",1243
19041,"IA-Clay County",3321
19043,"IA-Clayton County",2980
19045,"IA-Clinton County",6729
19047,"IA-Crawford County",2391
19049,"IA-Dallas County",7329
19051,"IA-Davis County",1276
19053,"IA-Decatur County",1223
19055,"IA-Delaware County",2141
19057,"IA-Des Moines County",6408
19059,"IA-Dickinson County",3661
19061,"IA-Dubuque County",7260
19063,"IA-Emmet County",1759
19065,"IA-Fayette County",3321
19067,"IA-Floyd County",2866
19069,"IA-Franklin County",2170
19071,"IA-Fremont County",1257
19073,"IA-Greene County",1613
19075,"IA-Grundy County",1924
19077,"IA-Guthrie County",1904
19079,"IA-Hamilton County",2561
19081,"IA-Hancock County",1925
19083,"IA-Hardin County",2770
19085,"IA-Harrison County",2386
19087,"IA-Henry County",3028
19089,"IA-Howard County",1598
19091,"IA-Humboldt County",1815
19093,"IA-Ida County",1230
19095,"IA-Iowa County",2250
19097,"IA-Jackson County",2925
19099,"IA-Jasper County",5394
19101,"IA-Jefferson County",2275
19103,"IA-Johnson County",10286
19105,"IA-Jones County",2908
19107,"IA-Keokuk County",1468
19109,"IA-Kossuth County",2979
19111,"IA-Lee County",5423
19113,"IA-Linn County",19194
19115,"IA-Louisa County",1237
19117,"IA-Lucas County",1437
19119,"IA-Lyon County",1659
19121,"IA-Madison County",2498
19123,"IA-Mahaska County",3018
19125,"IA-Marion County",4650
19127,"IA-Marshall County",5630
19129,"IA-Mills County",1685
19131,"IA-Mitchell County",2276
19133,"IA-Monona County",1604
19135,"IA-Monroe County",1406
19137,"IA-Montgomery County",2030
19139,"IA-Muscatine County",4768
19141,"IA-O'Brien County",2669
19143,"IA-Osceola County",1083
19145,"IA-Page County",2712
19147,"IA-Palo Alto County",1570
19149,"IA-Plymouth County",3217
19151,"IA-Pocahontas County",1509
19153,"IA-Polk County",37280
19155,"IA-Pottawattamie County",10185
19157,"IA-Poweshiek County",2941
19159,"IA-Ringgold County",962
19161,"IA-Sac County",1991
19163,"IA-Scott County",16985
19165,"IA-Shelby County",2149
19167,"IA-Sioux County",4281
19169,"IA-Story County",7996
19171,"IA-Tama County",2691
19173,"IA-Taylor County",1290
19175,"IA-Union County",2044
19177,"IA-Van Buren County",1378
19179,"IA-Wapello County",4868
19181,"IA-Warren County",4818
19183,"IA-Washington County",2966
19185,"IA-Wayne County",1109
19187,"IA-Webster County",5487
19189,"IA-Winnebago County",2068
19191,"IA-Winneshiek County",2906
19193,"IA-Woodbury County",9549
19195,"IA-Worth County",1242
19197,"IA-Wright County",2529
20001,"KS-Allen County",2038
20003,"KS-Anderson County",1427
20005,"KS-Atchison County",2409
20007,"KS-Barber County",966
20009,"KS-Barton County",4211
20011,"KS-Bourbon County",2184
20013,"KS-Brown County",1663
20015,"KS-Butler County",7014
20017,"KS-Chase County",462
20019,"KS-Chautauqua County",680
20021,"KS-Cherokee County",3220
20023,"KS-Cheyenne County",624
20025,"KS-Clark County",407
20027,"KS-Clay County",1542
20029,"KS-Cloud County",1788
20031,"KS-Coffey County",1530
20033,"KS-Comanche County",411
20035,"KS-Cowley County",4884
20037,"KS-Crawford County",5051
20039,"KS-Decatur County",674
20041,"KS-Dickinson County",2303
20043,"KS-Doniphan County",1182
20045,"KS-Douglas County",9139
20047,"KS-Edwards County",528
20049,"KS-Elk County",616
20051,"KS-Ellis County",3608
20053,"KS-Ellsworth County",1145
20055,"KS-Finney County",2738
20057,"KS-Ford County",2852
20059,"KS-Franklin County",3492
20061,"KS-Geary County",2281
20063,"KS-Gove County",581
20065,"KS-Graham County",545
20067,"KS-Grant County",780
20069,"KS-Gray County",742
20071,"KS-Greeley County",251
20073,"KS-Greenwood County",1555
20075,"KS-Hamilton County",323
20077,"KS-Harper County",1109
20079,"KS-Harvey County",4790
20081,"KS-Haskell County",534
20083,"KS-Hodgeman County",311
20085,"KS-Jackson County",1909
20087,"KS-Jefferson County",2024
20089,"KS-Jewell County",705
20091,"KS-Johnson County",43331
20093,"KS-Kearny County",440
20095,"KS-Kingman County",1341
20097,"KS-Kiowa County",427
20099,"KS-Labette County",2813
20101,"KS-Lane County",371
20103,"KS-Leavenworth County",7458
20105,"KS-Lincoln County",557
20107,"KS-Linn County",1349
20109,"KS-Logan County",580
20111,"KS-Lyon County",3702
20113,"KS-McPherson County",4644
20115,"KS-Marion County",2184
20117,"KS-Marshall County",1924
20119,"KS-Meade County",657
20121,"KS-Miami County",3038
20123,"KS-Mitchell County",1158
20125,"KS-Montgomery County",5404
20127,"KS-Morris County",1535
20129,"KS-Morton County",467
20131,"KS-Nemaha County",1815
20133,"KS-Neosho County",2584
20135,"KS-Ness County",680
20137,"KS-Norton County",875
20139,"KS-Osage County",2632
20141,"KS-Osborne County",837
20143,"KS-Ottawa County",887
20145,"KS-Pawnee County",1100
20147,"KS-Phillips County",1091
20149,"KS-Pottawatomie County",2283
20151,"KS-Pratt County",1618
20153,"KS-Rawlins County",569
20155,"KS-Reno County",9431
20157,"KS-Republic County",1148
20159,"KS-Rice County",1517
20161,"KS-Riley County",4970
20163,"KS-Rooks County",1082
20165,"KS-Rush County",694
20167,"KS-Russell County",1297
20169,"KS-Saline County",7198
20171,"KS-Scott County",771
20173,"KS-Sedgwick County",46034
20175,"KS-Seward County",1638
20177,"KS-Shawnee County",23490
20179,"KS-Sheridan County",449
20181,"KS-Sherman County",1000
20183,"KS-Smith County",974
20185,"KS-Stafford County",749
20187,"KS-Stanton County",305
20189,"KS-Stevens County",629
20191,"KS-Sumner County",2900
20193,"KS-Thomas County",1052
20195,"KS-Trego County",574
20197,"KS-Wabaunsee County",1002
20199,"KS-Wallace County",245
20201,"KS-Washington County",1225
20203,"KS-Wichita County",360
20205,"KS-Wilson County",1571
20207,"KS-Woodson County",472
20209,"KS-Wyandotte County",10307
21001,"KY-Adair County",2078
21003,"KY-Allen County",2116
21005,"KY-Anderson County",1762
21007,"KY-Ballard County",1468
21009,"KY-Barren County",4871
21011,"KY-Bath County",1199
21013,"KY-Bell County",3122
21015,"KY-Boone County",7723
21017,"KY-Bourbon County",1850
21019,"KY-Boyd County",6261
21021,"KY-Boyle County",3478
21023,"KY-Bracken County",767
21025,"KY-Breathitt County",1262
21027,"KY-Breckinridge County",2332
21029,"KY-Bullitt County",5218
21031,"KY-Butler County",1291
21033,"KY-Caldwell County",1783
21035,"KY-Calloway County",4088
21037,"KY-Campbell County",6463
21039,"KY-Carlisle County",723
21041,"KY-Carroll County",884
21043,"KY-Carter County",3146
21045,"KY-Casey County",2373
21047,"KY-Christian County",5462
21049,"KY-Clark County",3544
21051,"KY-Clay County",1988
21053,"KY-Clinton County",1331
21055,"KY-Crittenden County",1168
21057,"KY-Cumberland County",938
21059,"KY-Daviess County",11501
21061,"KY-Edmonson County",940
21063,"KY-Elliott County",378
21065,"KY-Estill County",1693
21067,"KY-Fayette County",20570
21069,"KY-Fleming County",1638
21071,"KY-Floyd County",3691
21073,"KY-Franklin County",4696
21075,"KY-Fulton County",1153
21077,"KY-Gallatin County",740
21079,"KY-Garrard County",1762
21081,"KY-Grant County",1627
21083,"KY-Graves County",4522
21085,"KY-Grayson County",3205
21087,"KY-Green County",1448
21089,"KY-Greenup County",4290
21091,"KY-Hancock County",1243
21093,"KY-Hardin County",9852
21095,"KY-Harlan County",3079
21097,"KY-Harrison County",1977
21099,"KY-Hart County",2334
21101,"KY-Henderson County",4743
21103,"KY-Henry County",1470
21105,"KY-Hickman County",770
21107,"KY-Hopkins County",5225
21109,"KY-Jackson County",1349
21111,"KY-Jefferson County",68562
21113,"KY-Jessamine County",3819
21115,"KY-Johnson County",2316
21117,"KY-Kenton County",11489
21119,"KY-Knott County",1346
21121,"KY-Knox County",2672
21123,"KY-Larue County",1299
21125,"KY-Laurel County",5278
21127,"KY-Lawrence County",1807
21129,"KY-Lee County",730
21131,"KY-Leslie County",1114
21133,"KY-Letcher County",2457
21135,"KY-Lewis County",1461
21137,"KY-Lincoln County",2419
21139,"KY-Livingston County",1447
21141,"KY-Logan County",3558
21143,"KY-Lyon County",1191
21145,"KY-McCracken County",8228
21147,"KY-McCreary County",1670
21149,"KY-McLean County",1169
21151,"KY-Madison County",6531
21153,"KY-Magoffin County",1199
21155,"KY-Marion County",2143
21157,"KY-Marshall County",4784
21159,"KY-Martin County",955
21161,"KY-Mason County",1995
21163,"KY-Meade County",3255
21165,"KY-Menifee County",621
21167,"KY-Mercer County",2480
21169,"KY-Metcalfe County",1098
21171,"KY-Monroe County",1500
21173,"KY-Montgomery County",2471
21175,"KY-Morgan County",1070
21177,"KY-Muhlenberg County",3637
21179,"KY-Nelson County",4808
21181,"KY-Nicholas County",841
21183,"KY-Ohio County",2332
21185,"KY-Oldham County",4109
21187,"KY-Owen County",953
21189,"KY-Owsley County",550
21191,"KY-Pendleton County",1172
21193,"KY-Perry County",2942
21195,"KY-Pike County",6089
21197,"KY-Powell County",1127
21199,"KY-Pulaski County",7604
21201,"KY-Robertson County",236
21203,"KY-Rockcastle County",1710
21205,"KY-Rowan County",1685
21207,"KY-Russell County",2261
21209,"KY-Scott County",2942
21211,"KY-Shelby County",3461
21213,"KY-Simpson County",2183
21215,"KY-Spencer County",1344
21217,"KY-Taylor County",3346
21219,"KY-Todd County",1282
21221,"KY-Trigg County",1813
21223,"KY-Trimble County",862
21225,"KY-Union County",1531
21227,"KY-Warren County",9988
21229,"KY-Washington County",1325
21231,"KY-Wayne County",2188
21233,"KY-Webster County",1458
21235,"KY-Whitley County",5580
21237,"KY-Wolfe County",855
21239,"KY-Woodford County",2262
22001,"LA-Acadia Parish",6981
22003,"LA-Allen Parish",2506
22005,"LA-Ascension Parish",4217
22007,"LA-Assumption Parish",1996
22009,"LA-Avoyelles Parish",4843
22011,"LA-Beauregard Parish",4432
22013,"LA-Bienville Parish",1821
22015,"LA-Bossier Parish",13255
22017,"LA-Caddo Parish",23460
22019,"LA-Calcasieu Parish",20954
22021,"LA-Caldwell Parish",1333
22023,"LA-Cameron Parish",278
22025,"LA-Catahoula Parish",1367
22027,"LA-Claiborne Parish",1874
22029,"LA-Concordia Parish",2355
22031,"LA-De Soto Parish",3370
22033,"LA-East Baton Rouge Parish",24805
22035,"LA-East Carroll Parish",824
22037,"LA-East Feliciana Parish",1756
22039,"LA-Evangeline Parish",3548
22041,"LA-Franklin Parish",2500
22043,"LA-Grant Parish",2194
22045,"LA-Iberia Parish",8169
22047,"LA-Iberville Parish",1967
22049,"LA-Jackson Parish",2226
22051,"LA-Jefferson Parish",21989
22053,"LA-Jefferson Davis Parish",3846
22055,"LA-Lafayette Parish",20282
22057,"LA-Lafourche Parish",8511
22059,"LA-La Salle Parish",1705
22061,"LA-Lincoln Parish",4164
22063,"LA-Livingston Parish",6001
22065,"LA-Madison Parish",1093
22067,"LA-Morehouse Parish",3220
22069,"LA-Natchitoches Parish",4613
22071,"LA-Orleans Parish",16414
22073,"LA-Ouachita Parish",14418
22075,"LA-Plaquemines Parish",989
22077,"LA-Pointe Coupee Parish",1833
22079,"LA-Rapides Parish",14492
22081,"LA-Red River Parish",965
22083,"LA-Richland Parish",2522
22085,"LA-Sabine Parish",3184
22087,"LA-St. Bernard Parish",1416
22089,"LA-St. Charles Parish",1894
22091,"LA-St. Helena Parish",548
22093,"LA-St. James Parish",1613
22095,"LA-St. John the Baptist Parish",2030
22097,"LA-St. Landry Parish",10661
22099,"LA-St. Martin Parish",4888
22101,"LA-St. Mary Parish",5578
22103,"LA-St. Tammany Parish",14985
22105,"LA-Tangipahoa Parish",9516
22107,"LA-Tensas Parish",686
22109,"LA-Terrebonne Parish",10956
22111,"LA-Union Parish",2841
22113,"LA-Vermilion Parish",6876
22115,"LA-Vernon Parish",4663
22117,"LA-Washington Parish",4917
22119,"LA-Webster Parish",5558
22121,"LA-West Baton Rouge Parish",1251
22123,"LA-West Carroll Parish",1585
22125,"LA-West Feliciana Parish",870
22127,"LA-Winn Parish",1754
23001,"ME-Androscoggin County",10828
23003,"ME-Aroostook County",11752
23005,"ME-Cumberland County",29180
23007,"ME-Franklin County",3834
23009,"ME-Hancock County",8503
23011,"ME-Kennebec County",12747
23013,"ME-Knox County",6379
23015,"ME-Lincoln County",5794
23017,"ME-Oxford County",7645
23019,"ME-Penobscot County",16759
23021,"ME-Piscataquis County",2967
23023,"ME-Sagadahoc County",4359
23025,"ME-Somerset County",6995
23027,"ME-Waldo County",5043
23029,"ME-Washington County",5697
23031,"ME-York County",25350
24001,"MD-Allegany County",12248
24003,"MD-Anne Arundel County",58773
24005,"MD-Baltimore County",96890
24009,"MD-Calvert County",9594
24011,"MD-Caroline County",4511
24013,"MD-Carroll County",22340
24015,"MD-Cecil County",11244
24017,"MD-Charles County",13268
24019,"MD-Dorchester County",5380
24021,"MD-Frederick County",23777
24023,"MD-Garrett County",4744
24025,"MD-Harford County",28585
24027,"MD-Howard County",26560
24029,"MD-Kent County",4541
24031,"MD-Montgomery County",91956
24033,"MD-Prince George's County",61786
24035,"MD-Queen Anne's County",6750
24037,"MD-St. Mary's County",9997
24039,"MD-Somerset County",3486
24041,"MD-Talbot County",8389
24043,"MD-Washington County",17706
24045,"MD-Wicomico County",12556
24047,"MD-Worcester County",11053
24510,"MD-Baltimore city",50292
25001,"MA-Barnstable County",50133
25003,"MA-Berkshire County",22562
25005,"MA-Bristol County",61476
25007,"MA-Dukes County",3241
25009,"MA-Essex County",80312
25011,"MA-Franklin County",8204
25013,"MA-Hampden County",42641
25015,"MA-Hampshire County",16417
25017,"MA-Middlesex County",130425
25019,"MA-Nantucket County",1360
25021,"MA-Norfolk County",71031
25023,"MA-Plymouth County",58323
25025,"MA-Suffolk County",49096
25027,"MA-Worcester County",56508
26001,"MI-Alcona County",2366
26003,"MI-Alger County",1432
26005,"MI-Allegan County",6596
26007,"MI-Alpena County",4981
26009,"MI-Antrim County",3631
26011,"MI-Arenac County",2038
26013,"MI-Baraga County",1343
26015,"MI-Barry County",4338
26017,"MI-Bay County",12179
26019,"MI-Benzie County",2465
26021,"MI-Berrien County",19748
26023,"MI-Branch County",5201
26025,"MI-Calhoun County",15506
26027,"MI-Cass County",5106
26029,"MI-Charlevoix County",3701
26031,"MI-Cheboygan County",3617
26033,"MI-Chippewa County",4256
26035,"MI-Clare County",4905
26037,"MI-Clinton County",5250
26039,"MI-Crawford County",1703
26041,"MI-Delta County",5355
26043,"MI-Dickinson County",3647
26045,"MI-Eaton County",11813
26047,"MI-Emmet County",4813
26049,"MI-Genesee County",38430
26051,"MI-Gladwin County",4906
26053,"MI-Gogebic County",2352
26055,"MI-Grand Traverse County",10348
26057,"MI-Gratiot County",4792
26059,"MI-Hillsdale County",5238
26061,"MI-Houghton County",3917
26063,"MI-Huron County",5682
26065,"MI-Ingham County",22414
26067,"MI-Ionia County",4544
26069,"MI-Iosco County",5065
26071,"MI-Iron County",2234
26073,"MI-Isabella County",4361
26075,"MI-Jackson County",16929
26077,"MI-Kalamazoo County",20069
26079,"MI-Kalkaska County",2290
26081,"MI-Kent County",30527
26083,"MI-Keweenaw County",379
26085,"MI-Lake County",1724
26087,"MI-Lapeer County",8174
26089,"MI-Leelanau County",2704
26091,"MI-Lenawee County",10871
26093,"MI-Livingston County",12879
26095,"MI-Luce County",947
26097,"MI-Mackinac County",1756
26099,"MI-Macomb County",80320
26101,"MI-Manistee County",3796
26103,"MI-Marquette County",7295
26105,"MI-Mason County",4019
26107,"MI-Mecosta County",3772
26109,"MI-Menominee County",3074
26111,"MI-Midland County",8120
26113,"MI-Missaukee County",1756
26115,"MI-Monroe County",13925
26117,"MI-Montcalm County",6538
26119,"MI-Montmorency County",1430
26121,"MI-Muskegon County",13538
26123,"MI-Newaygo County",3658
26125,"MI-Oakland County",109887
26127,"MI-Oceana County",3176
26129,"MI-Ogemaw County",3245
26131,"MI-Ontonagon County",1293
26133,"MI-Osceola County",3278
26135,"MI-Oscoda County",2307
26137,"MI-Otsego County",2977
26139,"MI-Ottawa County",13285
26141,"MI-Presque Isle County",2927
26143,"MI-Roscommon County",5320
26145,"MI-Saginaw County",20463
26147,"MI-St. Clair County",16893
26149,"MI-St. Joseph County",6903
26151,"MI-Sanilac County",5562
26153,"MI-Schoolcraft County",1534
26155,"MI-Shiawassee County",7662
26157,"MI-Tuscola County",7043
26159,"MI-Van Buren County",7766
26161,"MI-Washtenaw County",25078
26163,"MI-Wayne County",139882
26165,"MI-Wexford County",3821
27001,"MN-Aitkin County",1644
27003,"MN-Anoka County",10745
27005,"MN-Becker County",2199
27007,"MN-Beltrami County",2979
27009,"MN-Benton County",1105
27011,"MN-Big Stone County",567
27013,"MN-Blue Earth County",3324
27015,"MN-Brown County",2631
27017,"MN-Carlton County",2388
27019,"MN-Carver County",2589
27021,"MN-Cass County",2703
27023,"MN-Chippewa County",822
27025,"MN-Chisago County",1707
27027,"MN-Clay County",3302
27029,"MN-Clearwater County",694
27031,"MN-Cook County",595
27033,"MN-Cottonwood County",1204
27035,"MN-Crow Wing County",4992
27037,"MN-Dakota County",15322
27039,"MN-Dodge County",1140
27041,"MN-Douglas County",2090
27043,"MN-Faribault County",1210
27045,"MN-Fillmore County",1934
27047,"MN-Freeborn County",2463
27049,"MN-Goodhue County",2958
27051,"MN-Grant County",606
27053,"MN-Hennepin County",44698
27055,"MN-Houston County",1770
27057,"MN-Hubbard County",1786
27059,"MN-Isanti County",1293
27061,"MN-Itasca County",4219
27063,"MN-Jackson County",1238
27065,"MN-Kanabec County",1074
27067,"MN-Kandiyohi County",2281
27069,"MN-Kittson County",477
27071,"MN-Koochiching County",1063
27073,"MN-Lac qui Parle County",604
27075,"MN-Lake County",1261
27077,"MN-Lake of the Woods County",389
27079,"MN-Le Sueur County",1413
27081,"MN-Lincoln County",811
27083,"MN-Lyon County",2128
27085,"MN-McLeod County",1936
27087,"MN-Mahnomen County",500
27089,"MN-Marshall County",817
27091,"MN-Martin County",1898
27093,"MN-Meeker County",1065
27095,"MN-Mille Lacs County",1755
27097,"MN-Morrison County",1582
27099,"MN-Mower County",3993
27101,"MN-Murray County",1121
27103,"MN-Nicollet County",1655
27105,"MN-Nobles County",2031
27107,"MN-Norman County",652
27109,"MN-Olmsted County",9910
27111,"MN-Otter Tail County",4091
27113,"MN-Pennington County",833
27115,"MN-Pine County",1823
27117,"MN-Pipestone County",1108
27119,"MN-Polk County",2244
27121,"MN-Pope County",999
27123,"MN-Ramsey County",19371
27125,"MN-Red Lake County",170
27127,"MN-Redwood County",1445
27129,"MN-Renville County",1414
27131,"MN-Rice County",3044
27133,"MN-Rock County",1099
27135,"MN-Roseau County",664
27137,"MN-St. Louis County",13613
27139,"MN-Scott County",3859
27141,"MN-Sherburne County",2966
27143,"MN-Sibley County",851
27145,"MN-Stearns County",7167
27147,"MN-Steele County",1981
27149,"MN-Stevens County",827
27151,"MN-Swift County",967
27153,"MN-Todd County",1301
27155,"MN-Traverse County",450
27157,"MN-Wabasha County",1753
27159,"MN-Wadena County",964
27161,"MN-Waseca County",1080
27163,"MN-Washington County",9230
27165,"MN-Watonwan County",986
27167,"MN-Wilkin County",547
27169,"MN-Winona County",3470
27171,"MN-Wright County",3847
27173,"MN-Yellow Medicine County",1083
28001,"MS-Adams County",4267
28003,"MS-Alcorn County",5545
28005,"MS-Amite County",1626
28007,"MS-Attala County",2628
28009,"MS-Benton County",1142
28011,"MS-Bolivar County",4048
28013,"MS-Calhoun County",2075
28015,"MS-Carroll County",1423
28017,"MS-Chickasaw County",2474
28019,"MS-Choctaw County",1421
28021,"MS-Claiborne County",817
28023,"MS-Clarke County",2325
28025,"MS-Clay County",2648
28027,"MS-Coahoma County",2844
28029,"MS-Copiah County",3133
28031,"MS-Covington County",2468
28033,"MS-DeSoto County",14807
28035,"MS-Forrest County",5404
28037,"MS-Franklin County",1114
28039,"MS-George County",2816
28041,"MS-Greene County",1114
28043,"MS-Grenada County",2987
28045,"MS-Hancock County",4242
28047,"MS-Harrison County",20479
28049,"MS-Hinds County",19070
28051,"MS-Holmes County",2396
28053,"MS-Humphreys County",1060
28055,"MS-Issaquena County",106
28057,"MS-Itawamba County",3217
28059,"MS-Jackson County",12731
28061,"MS-Jasper County",2450
28063,"MS-Jefferson County",791
28065,"MS-Jefferson Davis County",1604
28067,"MS-Jones County",8352
28069,"MS-Kemper County",1254
28071,"MS-Lafayette County",4041
28073,"MS-Lamar County",7185
28075,"MS-Lauderdale County",9680
28077,"MS-Lawrence County",2243
28079,"MS-Leake County",2636
28081,"MS-Lee County",11011
28083,"MS-Leflore County",3739
28085,"MS-Lincoln County",4059
28087,"MS-Lowndes County",7090
28089,"MS-Madison County",8767
28091,"MS-Marion County",3206
28093,"MS-Marshall County",3993
28095,"MS-Monroe County",4819
28097,"MS-Montgomery County",1807
28099,"MS-Neshoba County",3955
28101,"MS-Newton County",2451
28103,"MS-Noxubee County",1487
28105,"MS-Oktibbeha County",4089
28107,"MS-Panola County",3937
28109,"MS-Pearl River County",6462
28111,"MS-Perry County",1629
28113,"MS-Pike County",5013
28115,"MS-Pontotoc County",3249
28117,"MS-Prentiss County",4310
28119,"MS-Quitman County",1006
28121,"MS-Rankin County",14014
28123,"MS-Scott County",3021
28125,"MS-Sharkey County",628
28127,"MS-Simpson County",3131
28129,"MS-Smith County",1729
28131,"MS-Stone County",2114
28133,"MS-Sunflower County",2532
28135,"MS-Tallahatchie County",1533
28137,"MS-Tate County",3120
28139,"MS-Tippah County",3393
28141,"MS-Tishomingo County",3344
28143,"MS-Tunica County",812
28145,"MS-Union County",3615
28147,"MS-Walthall County",1708
28149,"MS-Warren County",5319
28151,"MS-Washington County",5394
28153,"MS-Wayne County",2057
28155,"MS-Webster County",1390
28157,"MS-Wilkinson County",1208
28159,"MS-Winston County",2528
28161,"MS-Yalobusha County",2429
28163,"MS-Yazoo County",2898
29001,"MO-Adair County",2921
29003,"MO-Andrew County",1782
29005,"MO-Atchison County",1131
29007,"MO-Audrain County",3202
29009,"MO-Barry County",3349
29011,"MO-Barton County",1370
29013,"MO-Bates County",2037
29015,"MO-Benton County",3729
29017,"MO-Bollinger County",1737
29019,"MO-Boone County",13430
29021,"MO-Buchanan County",11349
29023,"MO-Butler County",5629
29025,"MO-Caldwell County",1090
29027,"MO-Callaway County",4706
29029,"MO-Camden County",7915
29031,"MO-Cape Girardeau County",9516
29033,"MO-Carroll County",1406
29035,"MO-Carter County",984
29037,"MO-Cass County",8230
29039,"MO-Cedar County",1902
29041,"MO-Chariton County",1837
29043,"MO-Christian County",5859
29045,"MO-Clark County",1022
29047,"MO-Clay County",20842
29049,"MO-Clinton County",3493
29051,"MO-Cole County",8706
29053,"MO-Cooper County",2071
29055,"MO-Crawford County",2634
29057,"MO-Dade County",1108
29059,"MO-Dallas County",1575
29061,"MO-Daviess County",1190
29063,"MO-DeKalb County",749
29065,"MO-Dent County",2484
29067,"MO-Douglas County",1195
29069,"MO-Dunklin County",4379
29071,"MO-Franklin County",8429
29073,"MO-Gasconade County",2340
29075,"MO-Gentry County",1208
29077,"MO-Greene County",21768
29079,"MO-Grundy County",1877
29081,"MO-Harrison County",1559
29083,"MO-Henry County",3403
29085,"MO-Hickory County",1463
29087,"MO-Holt County",842
29089,"MO-Howard County",1220
29091,"MO-Howell County",5630
29093,"MO-Iron County",1688
29095,"MO-Jackson County",48007
29097,"MO-Jasper County",9806
29099,"MO-Jefferson County",13267
29101,"MO-Johnson County",4413
29103,"MO-Knox County",716
29105,"MO-Laclede County",2980
29107,"MO-Lafayette County",4073
29109,"MO-Lawrence County",3465
29111,"MO-Lewis County",1517
29113,"MO-Lincoln County",3921
29115,"MO-Linn County",1678
29117,"MO-Livingston County",2407
29119,"MO-McDonald County",1947
29121,"MO-Macon County",2737
29123,"MO-Madison County",1922
29125,"MO-Maries County",1178
29127,"MO-Marion County",4227
29129,"MO-Mercer County",664
29131,"MO-Miller County",2651
29133,"MO-Mississippi County",1971
29135,"MO-Moniteau County",1719
29137,"MO-Monroe County",1650
29139,"MO-Montgomery County",1627
29141,"MO-Morgan County",3763
29143,"MO-New Madrid County",2236
29145,"MO-Newton County",8643
29147,"MO-Nodaway County",2764
29149,"MO-Oregon County",1635
29151,"MO-Osage County",1512
29153,"MO-Ozark County",1410
29155,"MO-Pemiscot County",1838
29157,"MO-Perry County",2593
29159,"MO-Pettis County",5056
29161,"MO-Phelps County",5334
29163,"MO-Pike County",2575
29165,"MO-Platte County",8005
29167,"MO-Polk County",2678
29169,"MO-Pulaski County",3899
29171,"MO-Putnam County",945
29173,"MO-Ralls County",1066
29175,"MO-Randolph County",2999
29177,"MO-Ray County",2878
29179,"MO-Reynolds County",1027
29181,"MO-Ripley County",2094
29183,"MO-St. Charles County",26529
29185,"MO-St. Clair County",1642
29186,"MO-Ste. Genevieve County",2310
29187,"MO-St. Francois County",7901
29189,"MO-St. Louis County",90096
29195,"MO-Saline County",2804
29197,"MO-Schuyler County",865
29199,"MO-Scotland County",694
29201,"MO-Scott County",5821
29203,"MO-Shannon County",1059
29205,"MO-Shelby County",1071
29207,"MO-Stoddard County",4375
29209,"MO-Stone County",5178
29211,"MO-Sullivan County",991
29213,"MO-Taney County",6301
29215,"MO-Texas County",3653
29217,"MO-Vernon County",2655
29219,"MO-Warren County",2623
29221,"MO-Washington County",2443
29223,"MO-Wayne County",2510
29225,"MO-Webster County",1822
29227,"MO-Worth County",411
29229,"MO-Wright County",2164
29510,"MO-St. Louis city",16248
30001,"MT-Beaverhead County",1504
30003,"MT-Big Horn County",1130
30005,"MT-Blaine County",716
30007,"MT-Broadwater County",764
30009,"MT-Carbon County",1493
30011,"MT-Carter County",231
30013,"MT-Cascade County",9570
30015,"MT-Chouteau County",788
30017,"MT-Custer County",1691
30019,"MT-Daniels County",383
30021,"MT-Dawson County",1332
30023,"MT-Deer Lodge County",1589
30025,"MT-Fallon County",453
30027,"MT-Fergus County",1838
30029,"MT-Flathead County",10191
30031,"MT-Gallatin County",7665
30033,"MT-Garfield County",220
30035,"MT-Glacier County",1143
30037,"MT-Golden Valley County",156
30039,"MT-Granite County",513
30041,"MT-Hill County",1881
30043,"MT-Jefferson County",1496
30045,"MT-Judith Basin County",295
30047,"MT-Lake County",5114
30049,"MT-Lewis and Clark County",7524
30051,"MT-Liberty County",319
30053,"MT-Lincoln County",3167
30055,"MT-McCone County",404
30057,"MT-Madison County",1513
30059,"MT-Meagher County",414
30061,"MT-Mineral County",694
30063,"MT-Missoula County",11653
30065,"MT-Musselshell County",744
30067,"MT-Park County",2242
30069,"MT-Petroleum County",72
30071,"MT-Phillips County",748
30073,"MT-Pondera County",822
30075,"MT-Powder River County",265
30077,"MT-Powell County",943
30079,"MT-Prairie County",255
30081,"MT-Ravalli County",6814
30083,"MT-Richland County",1424
30085,"MT-Roosevelt County",1109
30087,"MT-Rosebud County",976
30089,"MT-Sanders County",2222
30091,"MT-Sheridan County",737
30093,"MT-Silver Bow County",4479
30095,"MT-Stillwater County",1309
30097,"MT-Sweet Grass County",643
30099,"MT-Teton County",788
30101,"MT-Toole County",609
30103,"MT-Treasure County",173
30105,"MT-Valley County",1253
30107,"MT-Wheatland County",361
30109,"MT-Wibaux County",198
30111,"MT-Yellowstone County",16392
31001,"NE-Adams County",4414
31003,"NE-Antelope County",1427
31005,"NE-Arthur County",72
31007,"NE-Banner County",68
31009,"NE-Blaine County",88
31011,"NE-Boone County",1054
31013,"NE-Box Butte County",1594
31015,"NE-Boyd County",540
31017,"NE-Brown County",680
31019,"NE-Buffalo County",5089
31021,"NE-Burt County",1310
31023,"NE-Butler County",1415
31025,"NE-Cass County",3097
31027,"NE-Cedar County",1188
31029,"NE-Chase County",779
31031,"NE-Cherry County",1063
31033,"NE-Cheyenne County",1403
31035,"NE-Clay County",1195
31037,"NE-Colfax County",1029
31039,"NE-Cuming County",1512
31041,"NE-Custer County",2040
31043,"NE-Dakota County",1583
31045,"NE-Dawes County",1151
31047,"NE-Dawson County",2593
31049,"NE-Deuel County",415
31051,"NE-Dixon County",761
31053,"NE-Dodge County",5791
31055,"NE-Douglas County",40329
31057,"NE-Dundy County",361
31059,"NE-Fillmore County",1186
31061,"NE-Franklin County",830
31063,"NE-Frontier County",499
31065,"NE-Furnas County",920
31067,"NE-Gage County",3815
31069,"NE-Garden County",505
31071,"NE-Garfield County",565
31073,"NE-Gosper County",391
31075,"NE-Grant County",125
31077,"NE-Greeley County",520
31079,"NE-Hall County",6857
31081,"NE-Hamilton County",1404
31083,"NE-Harlan County",859
31085,"NE-Hayes County",214
31087,"NE-Hitchcock County",548
31089,"NE-Holt County",1976
31091,"NE-Hooker County",193
31093,"NE-Howard County",1121
31095,"NE-Jefferson County",1429
31097,"NE-Johnson County",792
31099,"NE-Kearney County",860
31101,"NE-Keith County",1533
31103,"NE-Keya Paha County",169
31105,"NE-Kimball County",748
31107,"NE-Knox County",1688
31109,"NE-Lancaster County",28305
31111,"NE-Lincoln County",4419
31113,"NE-Logan County",140
31115,"NE-Loup County",72
31117,"NE-McPherson County",60
31119,"NE-Madison County",4306
31121,"NE-Merrick County",1211
31123,"NE-Morrill County",815
31125,"NE-Nance County",635
31127,"NE-Nemaha County",1111
31129,"NE-Nuckolls County",1006
31131,"NE-Otoe County",2246
31133,"NE-Pawnee County",660
31135,"NE-Perkins County",519
31137,"NE-Phelps County",1651
31139,"NE-Pierce County",1105
31141,"NE-Platte County",4742
31143,"NE-Polk County",853
31145,"NE-Red Willow County",1908
31147,"NE-Richardson County",1709
31149,"NE-Rock County",326
31151,"NE-Saline County",1836
31153,"NE-Sarpy County",13413
31155,"NE-Saunders County",2762
31157,"NE-Scotts Bluff County",4981
31159,"NE-Seward County",2346
31161,"NE-Sheridan County",963
31163,"NE-Sherman County",567
31165,"NE-Sioux County",388
31167,"NE-Stanton County",399
31169,"NE-Thayer County",1210
31171,"NE-Thomas County",120
31173,"NE-Thurston County",715
31175,"NE-Valley County",915
31177,"NE-Washington County",2302
31179,"NE-Wayne County",960
31181,"NE-Webster County",799
31183,"NE-Wheeler County",57
31185,"NE-York County",2414
32001,"NV-Churchill County",3543
32003,"NV-Clark County",122131
32005,"NV-Douglas County",9991
32007,"NV-Elko County",3964
32009,"NV-Esmeralda County",171
32011,"NV-Eureka County",210
32013,"NV-Humboldt County",1719
32015,"NV-Lander County",584
32017,"NV-Lincoln County",1428
32019,"NV-Lyon County",6640
32021,"NV-Mineral County",796
32023,"NV-Nye County",5401
32027,"NV-Pershing County",582
32029,"NV-Storey County",217
32031,"NV-Washoe County",36604
32033,"NV-White Pine County",1302
32510,"NV-Carson City",8795
33001,"NH-Belknap County",9892
33003,"NH-Carroll County",9766
33005,"NH-Cheshire County",10801
33007,"NH-Coos County",6319
33009,"NH-Grafton County",13057
33011,"NH-Hillsborough County",43743
33013,"NH-Merrimack County",19896
33015,"NH-Rockingham County",38155
33017,"NH-Strafford County",14419
33019,"NH-Sullivan County",6701
34001,"NJ-Atlantic County",33143
34003,"NJ-Bergen County",105556
34005,"NJ-Burlington County",48409
34007,"NJ-Camden County",49644
34009,"NJ-Cape May County",18166
34011,"NJ-Cumberland County",16158
34013,"NJ-Essex County",59389
34015,"NJ-Gloucester County",26917
34017,"NJ-Hudson County",38793
34019,"NJ-Hunterdon County",16100
34021,"NJ-Mercer County",37581
34023,"NJ-Middlesex County",73432
34025,"NJ-Monmouth County",75210
34027,"NJ-Morris County",58238
34029,"NJ-Ocean County",95848
34031,"NJ-Passaic County",42328
34033,"NJ-Salem County",8556
34035,"NJ-Somerset County",33218
34037,"NJ-Sussex County",16740
34039,"NJ-Union County",48809
34041,"NJ-Warren County",14162
35001,"NM-Bernalillo County",32377
35003,"NM-Catron County",809
35005,"NM-Chaves County",7308
35006,"NM-Cibola County",2433
35007,"NM-Colfax County",2098
35009,"NM-Curry County",4559
35011,"NM-De Baca County",365
35013,"NM-Dona Ana County",17236
35015,"NM-Eddy County",6413
35017,"NM-Grant County",4626
35019,"NM-Guadalupe County",524
35021,"NM-Harding County",394
35023,"NM-Hidalgo County",593
35025,"NM-Lea County",6007
35027,"NM-Lincoln County",3414
35028,"NM-Los Alamos County",2324
35029,"NM-Luna County",3233
35031,"NM-McKinley County",5285
35033,"NM-Mora County",679
35035,"NM-Otero County",6923
35037,"NM-Quay County",1232
35039,"NM-Rio Arriba County",3691
35041,"NM-Roosevelt County",1892
35043,"NM-Sandoval County",7950
35045,"NM-San Juan County",12107
35047,"NM-San Miguel County",3224
35049,"NM-Santa Fe County",16369
35051,"NM-Sierra County",2265
35053,"NM-Socorro County",1638
35055,"NM-Taos County",4334
35057,"NM-Torrance County",908
35059,"NM-Union County",694
35061,"NM-Valencia County",3610
36001,"NY-Albany County",19533
36003,"NY-Allegany County",4195
36005,"NY-Bronx County",48443
36007,"NY-Broome County",18945
36009,"NY-Cattaraugus County",5691
36011,"NY-Cayuga County",8151
36013,"NY-Chautauqua County",10297
36015,"NY-Chemung County",8758
36017,"NY-Chenango County",5068
36019,"NY-Clinton County",9029
36021,"NY-Columbia County",7253
36023,"NY-Cortland County",4645
36025,"NY-Delaware County",5781
36027,"NY-Dutchess County",31679
36029,"NY-Erie County",45215
36031,"NY-Essex County",5385
36033,"NY-Franklin County",5638
36035,"NY-Fulton County",5010
36037,"NY-Genesee County",3184
36039,"NY-Greene County",5301
36041,"NY-Hamilton County",894
36043,"NY-Herkimer County",5464
36045,"NY-Jefferson County",9789
36047,"NY-Kings County",133983
36049,"NY-Lewis County",2874
36051,"NY-Livingston County",2783
36053,"NY-Madison County",7105
36055,"NY-Monroe County",24580
36057,"NY-Montgomery County",4251
36059,"NY-Nassau County",138597
36061,"NY-New York County",118528
36063,"NY-Niagara County",13290
36065,"NY-Oneida County",23050
36067,"NY-Onondaga County",40258
36069,"NY-Ontario County",5256
36071,"NY-Orange County",33878
36073,"NY-Orleans County",2238
36075,"NY-Oswego County",10200
36077,"NY-Otsego County",7937
36079,"NY-Putnam County",9925
36081,"NY-Queens County",123486
36083,"NY-Rensselaer County",11279
36085,"NY-Richmond County",30837
36087,"NY-Rockland County",32428
36089,"NY-St. Lawrence County",12009
36091,"NY-Saratoga County",17580
36093,"NY-Schenectady County",12436
36095,"NY-Schoharie County",3607
36097,"NY-Schuyler County",1685
36099,"NY-Seneca County",2347
36101,"NY-Steuben County",9787
36103,"NY-Suffolk County",150259
36105,"NY-Sullivan County",9167
36107,"NY-Tioga County",4752
36109,"NY-Tompkins County",8329
36111,"NY-Ulster County",21115
36113,"NY-Warren County",6667
36115,"NY-Washington County",4872
36117,"NY-Wayne County",4625
36119,"NY-Westchester County",92036
36121,"NY-Wyoming County",2219
36123,"NY-Yates County",1678
37001,"NC-Alamance County",9973
37003,"NC-Alexander County",3903
37005,"NC-Alleghany County",1690
37007,"NC-Anson County",2870
37009,"NC-Ashe County",3955
37011,"NC-Avery County",2777
37013,"NC-Beaufort County",7192
37015,"NC-Bertie County",3062
37017,"NC-Bladen County",3540
37019,"NC-Brunswick County",22767
37021,"NC-Buncombe County",28418
37023,"NC-Burke County",8839
37025,"NC-Cabarrus County",14887
37027,"NC-Caldwell County",8280
37029,"NC-Camden County",1147
37031,"NC-Carteret County",11963
37033,"NC-Caswell County",1672
37035,"NC-Catawba County",16655
37037,"NC-Chatham County",4622
37039,"NC-Cherokee County",4688
37041,"NC-Chowan County",2597
37043,"NC-Clay County",2128
37045,"NC-Cleveland County",11643
37047,"NC-Columbus County",7486
37049,"NC-Craven County",15133
37051,"NC-Cumberland County",22730
37053,"NC-Currituck County",2859
37055,"NC-Dare County",5304
37057,"NC-Davidson County",8814
37059,"NC-Davie County",3205
37061,"NC-Duplin County",8208
37063,"NC-Durham County",17904
37065,"NC-Edgecombe County",5776
37067,"NC-Forsyth County",20924
37069,"NC-Franklin County",4758
37071,"NC-Gaston County",19666
37073,"NC-Gates County",1445
37075,"NC-Graham County",1263
37077,"NC-Granville County",4469
37079,"NC-Greene County",1767
37081,"NC-Guilford County",28989
37083,"NC-Halifax County",7258
37085,"NC-Harnett County",13529
37087,"NC-Haywood County",9024
37089,"NC-Henderson County",18519
37091,"NC-Hertford County",2950
37093,"NC-Hoke County",1952
37095,"NC-Hyde County",1412
37097,"NC-Iredell County",14906
37099,"NC-Jackson County",4576
37101,"NC-Johnston County",11827
37103,"NC-Jones County",949
37105,"NC-Lee County",3832
37107,"NC-Lenoir County",7775
37109,"NC-Lincoln County",8140
37111,"NC-McDowell County",5339
37113,"NC-Macon County",7247
37115,"NC-Madison County",2831
37117,"NC-Martin County",3977
37119,"NC-Mecklenburg County",58708
37121,"NC-Mitchell County",2684
37123,"NC-Montgomery County",2945
37125,"NC-Moore County",14521
37127,"NC-Nash County",12103
37129,"NC-New Hanover County",25192
37131,"NC-Northampton County",3188
37133,"NC-Onslow County",11718
37135,"NC-Orange County",9954
37137,"NC-Pamlico County",2321
37139,"NC-Pasquotank County",4865
37141,"NC-Pender County",6405
37143,"NC-Perquimans County",2523
37145,"NC-Person County",4446
37147,"NC-Pitt County",14672
37149,"NC-Polk County",3881
37151,"NC-Randolph County",9712
37153,"NC-Richmond County",5565
37155,"NC-Robeson County",11932
37157,"NC-Rockingham County",7315
37159,"NC-Rowan County",10896
37161,"NC-Rutherford County",9463
37163,"NC-Sampson County",6191
37165,"NC-Scotland County",3971
37167,"NC-Stanly County",7396
37169,"NC-Stokes County",2397
37171,"NC-Surry County",6540
37173,"NC-Swain County",2141
37175,"NC-Transylvania County",5708
37177,"NC-Tyrrell County",517
37179,"NC-Union County",16077
37181,"NC-Vance County",4295
37183,"NC-Wake County",61870
37185,"NC-Warren County",2068
37187,"NC-Washington County",2072
37189,"NC-Watauga County",4219
37191,"NC-Wayne County",10561
37193,"NC-Wilkes County",6040
37195,"NC-Wilson County",10756
37197,"NC-Yadkin County",2469
37199,"NC-Yancey County",2421
38001,"ND-Adams County",881
38003,"ND-Barnes County",1697
38005,"ND-Benson County",642
38007,"ND-Billings County",63
38009,"ND-Bottineau County",1284
38011,"ND-Bowman County",580
38013,"ND-Burke County",402
38015,"ND-Burleigh County",8959
38017,"ND-Cass County",11606
38019,"ND-Cavalier County",766
38021,"ND-Dickey County",877
38023,"ND-Divide County",441
38025,"ND-Dunn County",371
38027,"ND-Eddy County",474
38029,"ND-Emmons County",604
38031,"ND-Foster County",575
38033,"ND-Golden Valley County",330
38035,"ND-Grand Forks County",5517
38037,"ND-Grant County",415
38039,"ND-Griggs County",466
38041,"ND-Hettinger County",480
38043,"ND-Kidder County",287
38045,"ND-LaMoure County",694
38047,"ND-Logan County",603
38049,"ND-McHenry County",878
38051,"ND-McIntosh County",328
38053,"ND-McKenzie County",692
38055,"ND-McLean County",1406
38057,"ND-Mercer County",1120
38059,"ND-Morton County",3121
38061,"ND-Mountrail County",935
38063,"ND-Nelson County",894
38065,"ND-Oliver County",172
38067,"ND-Pembina County",1296
38069,"ND-Pierce County",546
38071,"ND-Ramsey County",1953
38073,"ND-Ransom County",866
38075,"ND-Renville County",445
38077,"ND-Richland County",1881
38079,"ND-Rolette County",1113
38081,"ND-Sargent County",643
38083,"ND-Sheridan County",320
38085,"ND-Sioux County",202
38087,"ND-Slope County",62
38089,"ND-Stark County",2993
38091,"ND-Steele County",467
38093,"ND-Stutsman County",2398
38095,"ND-Towner County",480
38097,"ND-Traill County",1005
38099,"ND-Walsh County",1678
38101,"ND-Ward County",6124
38103,"ND-Wells County",1003
38105,"ND-Williams County",2662
39001,"OH-Adams County",2995
39003,"OH-Allen County",11735
39005,"OH-Ashland County",4426
39007,"OH-Ashtabula County",10878
39009,"OH-Athens County",4096
39011,"OH-Auglaize County",4881
39013,"OH-Belmont County",5211
39015,"OH-Brown County",3149
39017,"OH-Butler County",23075
39019,"OH-Carroll County",2152
39021,"OH-Champaign County",2895
39023,"OH-Clark County",10021
39025,"OH-Clermont County",13317
39027,"OH-Clinton County",3739
39029,"OH-Columbiana County",10565
39031,"OH-Coshocton County",4156
39033,"OH-Crawford County",5538
39035,"OH-Cuyahoga County",97898
39037,"OH-Darke County",6231
39039,"OH-Defiance County",4382
39041,"OH-Delaware County",9885
39043,"OH-Erie County",10499
39045,"OH-Fairfield County",8322
39047,"OH-Fayette County",1962
39049,"OH-Franklin County",54911
39051,"OH-Fulton County",4648
39053,"OH-Gallia County",3344
39055,"OH-Geauga County",8237
39057,"OH-Greene County",13581
39059,"OH-Guernsey County",3810
39061,"OH-Hamilton County",56499
39063,"OH-Hancock County",6856
39065,"OH-Hardin County",3167
39067,"OH-Harrison County",1460
39069,"OH-Henry County",3176
39071,"OH-Highland County",3991
39073,"OH-Hocking County",2682
39075,"OH-Holmes County",1710
39077,"OH-Huron County",6331
39079,"OH-Jackson County",3287
39081,"OH-Jefferson County",7151
39083,"OH-Knox County",5524
39085,"OH-Lake County",21289
39087,"OH-Lawrence County",7059
39089,"OH-Licking County",11343
39091,"OH-Logan County",4790
39093,"OH-Lorain County",26695
39095,"OH-Lucas County",29960
39097,"OH-Madison County",2738
39099,"OH-Mahoning County",18648
39101,"OH-Marion County",5612
39103,"OH-Medina County",13353
39105,"OH-Meigs County",2383
39107,"OH-Mercer County",4289
39109,"OH-Miami County",9215
39111,"OH-Monroe County",1125
39113,"OH-Montgomery County",36487
39115,"OH-Morgan County",1808
39117,"OH-Morrow County",2437
39119,"OH-Muskingum County",8539
39121,"OH-Noble County",1363
39123,"OH-Ottawa County",5264
39125,"OH-Paulding County",2000
39127,"OH-Perry County",2852
39129,"OH-Pickaway County",3603
39131,"OH-Pike County",2621
39133,"OH-Portage County",10861
39135,"OH-Preble County",3773
39137,"OH-Putnam County",3866
39139,"OH-Richland County",14971
39141,"OH-Ross County",5648
39143,"OH-Sandusky County",7096
39145,"OH-Scioto County",8339
39147,"OH-Seneca County",7436
39149,"OH-Shelby County",4217
39151,"OH-Stark County",26604
39153,"OH-Summit County",34846
39155,"OH-Trumbull County",16855
39157,"OH-Tuscarawas County",7666
39159,"OH-Union County",2530
39161,"OH-Van Wert County",2691
39163,"OH-Vinton County",1123
39165,"OH-Warren County",12487
39167,"OH-Washington County",8098
39169,"OH-Wayne County",9047
39171,"OH-Williams County",4041
39173,"OH-Wood County",8844
39175,"OH-Wyandot County",2565
40001,"OK-Adair County",2565
40003,"OK-Alfalfa County",909
40005,"OK-Atoka County",1938
40007,"OK-Beaver County",743
40009,"OK-Beckham County",2544
40011,"OK-Blaine County",1608
40013,"OK-Bryan County",5831
40015,"OK-Caddo County",4466
40017,"OK-Canadian County",9715
40019,"OK-Carter County",6465
40021,"OK-Cherokee County",5142
40023,"OK-Choctaw County",2404
40025,"OK-Cimarron County",448
40027,"OK-Cleveland County",20990
40029,"OK-Coal County",870
40031,"OK-Comanche County",11537
40033,"OK-Cotton County",941
40035,"OK-Craig County",2557
40037,"OK-Creek County",6165
40039,"OK-Custer County",3104
40041,"OK-Delaware County",7016
40043,"OK-Dewey County",884
40045,"OK-Ellis County",683
40047,"OK-Garfield County",8155
40049,"OK-Garvin County",4424
40051,"OK-Grady County",7006
40053,"OK-Grant County",808
40055,"OK-Greer County",1008
40057,"OK-Harmon County",426
40059,"OK-Harper County",654
40061,"OK-Haskell County",2022
40063,"OK-Hughes County",2426
40065,"OK-Jackson County",3094
40067,"OK-Jefferson County",1131
40069,"OK-Johnston County",1597
40071,"OK-Kay County",7224
40073,"OK-Kingfisher County",1531
40075,"OK-Kiowa County",1593
40077,"OK-Latimer County",1947
40079,"OK-Le Flore County",5897
40081,"OK-Lincoln County",3908
40083,"OK-Logan County",4397
40085,"OK-Love County",1435
40087,"OK-McClain County",2933
40089,"OK-McCurtain County",4631
40091,"OK-McIntosh County",3929
40093,"OK-Major County",1258
40095,"OK-Marshall County",2593
40097,"OK-Mayes County",5059
40099,"OK-Murray County",2065
40101,"OK-Muskogee County",9769
40103,"OK-Noble County",1646
40105,"OK-Nowata County",1676
40107,"OK-Okfuskee County",1631
40109,"OK-Oklahoma County",64675
40111,"OK-Okmulgee County",4930
40113,"OK-Osage County",3508
40115,"OK-Ottawa County",4575
40117,"OK-Pawnee County",2303
40119,"OK-Payne County",7757
40121,"OK-Pittsburg County",6280
40123,"OK-Pontotoc County",4657
40125,"OK-Pottawatomie County",8091
40127,"OK-Pushmataha County",1765
40129,"OK-Roger Mills County",511
40131,"OK-Rogers County",7044
40133,"OK-Seminole County",3335
40135,"OK-Sequoyah County",5175
40137,"OK-Stephens County",6567
40139,"OK-Texas County",1847
40141,"OK-Tillman County",1324
40143,"OK-Tulsa County",50379
40145,"OK-Wagoner County",5994
40147,"OK-Washington County",8351
40149,"OK-Washita County",1602
40151,"OK-Woods County",1303
40153,"OK-Woodward County",2472
41001,"OR-Baker County",3433
41003,"OR-Benton County",6752
41005,"OR-Clackamas County",18346
41007,"OR-Clatsop County",4702
41009,"OR-Columbia County",3280
41011,"OR-Coos County",11956
41013,"OR-Crook County",3499
41015,"OR-Curry County",5654
41017,"OR-Deschutes County",19017
41019,"OR-Douglas County",15036
41021,"OR-Gilliam County",362
41023,"OR-Grant County",1280
41025,"OR-Harney County",1317
41027,"OR-Hood River County",2167
41029,"OR-Jackson County",24503
41031,"OR-Jefferson County",3027
41033,"OR-Josephine County",11149
41035,"OR-Klamath County",8718
41037,"OR-Lake County",1390
41039,"OR-Lane County",25286
41041,"OR-Lincoln County",8075
41043,"OR-Linn County",6836
41045,"OR-Malheur County",3840
41047,"OR-Marion County",15527
41049,"OR-Morrow County",1189
41051,"OR-Multnomah County",26947
41053,"OR-Polk County",4316
41055,"OR-Sherman County",310
41057,"OR-Tillamook County",3940
41059,"OR-Umatilla County",8231
41061,"OR-Union County",3820
41063,"OR-Wallowa County",1642
41065,"OR-Wasco County",3250
41067,"OR-Washington County",20747
41069,"OR-Wheeler County",311
41071,"OR-Yamhill County",6168
42001,"PA-Adams County",9925
42003,"PA-Allegheny County",54905
42005,"PA-Armstrong County",3919
42007,"PA-Beaver County",8207
42009,"PA-Bedford County",4180
42011,"PA-Berks County",37320
42013,"PA-Blair County",9733
42015,"PA-Bradford County",7855
42017,"PA-Bucks County",56458
42019,"PA-Butler County",11041
42021,"PA-Cambria County",7660
42023,"PA-Cameron County",754
42025,"PA-Carbon County",8962
42027,"PA-Centre County",8214
42029,"PA-Chester County",49201
42031,"PA-Clarion County",3744
42033,"PA-Clearfield County",7561
42035,"PA-Clinton County",3228
42037,"PA-Columbia County",6017
42039,"PA-Crawford County",10086
42041,"PA-Cumberland County",22172
42043,"PA-Dauphin County",17304
42045,"PA-Delaware County",50769
42047,"PA-Elk County",4793
42049,"PA-Erie County",19948
42051,"PA-Fayette County",8455
42053,"PA-Forest County",809
42055,"PA-Franklin County",17878
42057,"PA-Fulton County",2011
42059,"PA-Greene County",2599
42061,"PA-Huntingdon County",4396
42063,"PA-Indiana County",4427
42065,"PA-Jefferson County",5071
42067,"PA-Juniata County",1780
42069,"PA-Lackawanna County",23686
42071,"PA-Lancaster County",48607
42073,"PA-Lawrence County",6016
42075,"PA-Lebanon County",13645
42077,"PA-Lehigh County",34119
42079,"PA-Luzerne County",39110
42081,"PA-Lycoming County",12365
42083,"PA-McKean County",5458
42085,"PA-Mercer County",10320
42087,"PA-Mifflin County",3873
42089,"PA-Monroe County",17543
42091,"PA-Montgomery County",76932
42093,"PA-Montour County",1489
42095,"PA-Northampton County",33148
42097,"PA-Northumberland County",9999
42099,"PA-Perry County",3508
42101,"PA-Philadelphia County",80368
42103,"PA-Pike County",8935
42105,"PA-Potter County",2345
42107,"PA-Schuylkill County",17312
42109,"PA-Snyder County",3513
42111,"PA-Somerset County",4941
42113,"PA-Sullivan County",1023
42115,"PA-Susquehanna County",6060
42117,"PA-Tioga County",5694
42119,"PA-Union County",3463
42121,"PA-Venango County",5601
42123,"PA-Warren County",5900
42125,"PA-Washington County",10868
42127,"PA-Wayne County",7243
42129,"PA-Westmoreland County",19533
42131,"PA-Wyoming County",2807
42133,"PA-York County",42525
44001,"RI-Bristol County",4195
44003,"RI-Kent County",13043
44005,"RI-Newport County",9997
44007,"RI-Providence County",39174
44009,"RI-Washington County",12674
45001,"SC-Abbeville County",2435
45003,"SC-Aiken County",19205
45005,"SC-Allendale County",858
45007,"SC-Anderson County",18646
45009,"SC-Bamberg County",1596
45011,"SC-Barnwell County",2337
45013,"SC-Beaufort County",30864
45015,"SC-Berkeley County",12856
45017,"SC-Calhoun County",1274
45019,"SC-Charleston County",40099
45021,"SC-Cherokee County",5030
45023,"SC-Chester County",4041
45025,"SC-Chesterfield County",5082
45027,"SC-Clarendon County",4543
45029,"SC-Colleton County",4014
45031,"SC-Darlington County",7858
45033,"SC-Dillon County",3130
45035,"SC-Dorchester County",15000
45037,"SC-Edgefield County",3329
45039,"SC-Fairfield County",2486
45041,"SC-Florence County",17039
45043,"SC-Georgetown County",7668
45045,"SC-Greenville County",46106
45047,"SC-Greenwood County",8306
45049,"SC-Hampton County",2110
45051,"SC-Horry County",48553
45053,"SC-Jasper County",1766
45055,"SC-Kershaw County",9165
45057,"SC-Lancaster County",10789
45059,"SC-Laurens County",8325
45061,"SC-Lee County",1792
45063,"SC-Lexington County",28530
45065,"SC-McCormick County",1928
45067,"SC-Marion County",3740
45069,"SC-Marlboro County",3028
45071,"SC-Newberry County",4970
45073,"SC-Oconee County",11689
45075,"SC-Orangeburg County",9593
45077,"SC-Pickens County",12824
45079,"SC-Richland County",31417
45081,"SC-Saluda County",1257
45083,"SC-Spartanburg County",24845
45085,"SC-Sumter County",11555
45087,"SC-Union County",3093
45089,"SC-Williamsburg County",4512
45091,"SC-York County",22209
46003,"SD-Aurora County",380
46005,"SD-Beadle County",2032
46007,"SD-Bennett County",349
46009,"SD-Bon Homme County",1127
46011,"SD-Brookings County",2560
46013,"SD-Brown County",5016
46015,"SD-Brule County",698
46017,"SD-Buffalo County",95
46019,"SD-Butte County",1206
46021,"SD-Campbell County",275
46023,"SD-Charles Mix County",1378
46025,"SD-Clark County",458
46027,"SD-Clay County",1046
46029,"SD-Codington County",2492
46031,"SD-Corson County",313
46033,"SD-Custer County",1489
46035,"SD-Davison County",2759
46037,"SD-Day County",944
46039,"SD-Deuel County",533
46041,"SD-Dewey County",541
46043,"SD-Douglas County",571
46045,"SD-Edmunds County",606
46047,"SD-Fall River County",1527
46049,"SD-Faulk County",420
46051,"SD-Grant County",1034
46053,"SD-Gregory County",771
46055,"SD-Haakon County",358
46057,"SD-Hamlin County",626
46059,"SD-Hand County",749
46061,"SD-Hanson County",1053
46063,"SD-Harding County",131
46065,"SD-Hughes County",2131
46067,"SD-Hutchinson County",1208
46069,"SD-Hyde County",281
46071,"SD-Jackson County",289
46073,"SD-Jerauld County",398
46075,"SD-Jones County",170
46077,"SD-Kingsbury County",1000
46079,"SD-Lake County",2156
46081,"SD-Lawrence County",3114
46083,"SD-Lincoln County",3383
46085,"SD-Lyman County",454
46087,"SD-McCook County",750
46089,"SD-McPherson County",629
46091,"SD-Marshall County",730
46093,"SD-Meade County",2438
46095,"SD-Mellette County",242
46097,"SD-Miner County",400
46099,"SD-Minnehaha County",16520
46101,"SD-Moody County",1137
46103,"SD-Pennington County",12718
46105,"SD-Perkins County",183
46107,"SD-Potter County",435
46109,"SD-Roberts County",1214
46111,"SD-Sanborn County",377
46113,"SD-Shannon County",682
46115,"SD-Spink County",1090
46117,"SD-Stanley County",402
46119,"SD-Sully County",178
46121,"SD-Todd County",520
46123,"SD-Tripp County",1028
46125,"SD-Turner County",1114
46127,"SD-Union County",2183
46129,"SD-Walworth County",1302
46135,"SD-Yankton County",2917
46137,"SD-Ziebach County",90
47001,"TN-Anderson County",8089
47003,"TN-Bedford County",4529
47005,"TN-Benton County",2883
47007,"TN-Bledsoe County",1243
47009,"TN-Blount County",11896
47011,"TN-Bradley County",9796
47013,"TN-Campbell County",3430
47015,"TN-Cannon County",1345
47017,"TN-Carroll County",4754
47019,"TN-Carter County",4201
47021,"TN-Cheatham County",2456
47023,"TN-Chester County",1819
47025,"TN-Claiborne County",3011
47027,"TN-Clay County",1475
47029,"TN-Cocke County",3429
47031,"TN-Coffee County",6999
47033,"TN-Crockett County",2098
47035,"TN-Cumberland County",12218
47037,"TN-Davidson County",34279
47039,"TN-Decatur County",2069
47041,"TN-DeKalb County",1854
47043,"TN-Dickson County",4042
47045,"TN-Dyer County",4932
47047,"TN-Fayette County",4387
47049,"TN-Fentress County",2614
47051,"TN-Franklin County",4981
47053,"TN-Gibson County",7882
47055,"TN-Giles County",4120
47057,"TN-Grainger County",1824
47059,"TN-Greene County",7452
47061,"TN-Grundy County",1438
47063,"TN-Hamblen County",6372
47065,"TN-Hamilton County",32347
47067,"TN-Hancock County",502
47069,"TN-Hardeman County",3066
47071,"TN-Hardin County",3932
47073,"TN-Hawkins County",4030
47075,"TN-Haywood County",2057
47077,"TN-Henderson County",3188
47079,"TN-Henry County",5416
47081,"TN-Hickman County",2156
47083,"TN-Houston County",703
47085,"TN-Humphreys County",2677
47087,"TN-Jackson County",1420
47089,"TN-Jefferson County",5151
47091,"TN-Johnson County",2135
47093,"TN-Knox County",33006
47095,"TN-Lake County",919
47097,"TN-Lauderdale County",2471
47099,"TN-Lawrence County",6252
47101,"TN-Lewis County",1322
47103,"TN-Lincoln County",4339
47105,"TN-Loudon County",7178
47107,"TN-McMinn County",6131
47109,"TN-McNairy County",4668
47111,"TN-Macon County",1524
47113,"TN-Madison County",10550
47115,"TN-Marion County",3293
47117,"TN-Marshall County",3018
47119,"TN-Maury County",9426
47121,"TN-Meigs County",931
47123,"TN-Monroe County",4794
47125,"TN-Montgomery County",11414
47127,"TN-Moore County",590
47129,"TN-Morgan County",2061
47131,"TN-Obion County",4673
47133,"TN-Overton County",2979
47135,"TN-Perry County",1030
47137,"TN-Pickett County",906
47139,"TN-Polk County",2355
47141,"TN-Putnam County",10012
47143,"TN-Rhea County",3760
47145,"TN-Roane County",5651
47147,"TN-Robertson County",4927
47149,"TN-Rutherford County",14824
47151,"TN-Scott County",2004
47153,"TN-Sequatchie County",1473
47155,"TN-Sevier County",8738
47157,"TN-Shelby County",68868
47159,"TN-Smith County",1700
47161,"TN-Stewart County",2311
47163,"TN-Sullivan County",12132
47165,"TN-Sumner County",13419
47167,"TN-Tipton County",5758
47169,"TN-Trousdale County",686
47171,"TN-Unicoi County",2118
47173,"TN-Union County",960
47175,"TN-Van Buren County",602
47177,"TN-Warren County",5122
47179,"TN-Washington County",11117
47181,"TN-Wayne County",2331
47183,"TN-Weakley County",4379
47185,"TN-White County",3868
47187,"TN-Williamson County",13019
47189,"TN-Wilson County",9216
48001,"TX-Anderson County",5451
48003,"TX-Andrews County",1219
48005,"TX-Angelina County",8525
48007,"TX-Aransas County",3310
48009,"TX-Archer County",848
48011,"TX-Armstrong County",289
48013,"TX-Atascosa County",3229
48015,"TX-Austin County",3537
48017,"TX-Bailey County",799
48019,"TX-Bandera County",3125
48021,"TX-Bastrop County",6889
48023,"TX-Baylor County",696
48025,"TX-Bee County",2054
48027,"TX-Bell County",16997
48029,"TX-Bexar County",103030
48031,"TX-Blanco County",1586
48033,"TX-Borden County",56
48035,"TX-Bosque County",2480
48037,"TX-Bowie County",10121
48039,"TX-Brazoria County",20854
48041,"TX-Brazos County",11756
48043,"TX-Brewster County",1098
48045,"TX-Briscoe County",290
48047,"TX-Brooks County",750
48049,"TX-Brown County",5235
48051,"TX-Burleson County",2138
48053,"TX-Burnet County",5365
48055,"TX-Caldwell County",3501
48057,"TX-Calhoun County",2625
48059,"TX-Callahan County",1802
48061,"TX-Cameron County",24824
48063,"TX-Camp County",1657
48065,"TX-Carson County",716
48067,"TX-Cass County",4309
48069,"TX-Castro County",810
48071,"TX-Chambers County",2491
48073,"TX-Cherokee County",5245
48075,"TX-Childress County",779
48077,"TX-Clay County",1924
48079,"TX-Cochran County",351
48081,"TX-Coke County",556
48083,"TX-Coleman County",1547
48085,"TX-Collin County",50402
48087,"TX-Collingsworth County",429
48089,"TX-Colorado County",3367
48091,"TX-Comal County",15213
48093,"TX-Comanche County",2145
48095,"TX-Concho County",393
48097,"TX-Cooke County",4363
48099,"TX-Coryell County",4280
48101,"TX-Cottle County",274
48103,"TX-Crane County",373
48105,"TX-Crockett County",434
48107,"TX-Crosby County",661
48109,"TX-Culberson County",304
48111,"TX-Dallam County",1014
48113,"TX-Dallas County",139167
48115,"TX-Dawson County",1633
48117,"TX-Deaf Smith County",1662
48119,"TX-Delta County",864
48121,"TX-Denton County",38979
48123,"TX-DeWitt County",2533
48125,"TX-Dickens County",365
48127,"TX-Dimmit County",839
48129,"TX-Donley County",581
48131,"TX-Duval County",1135
48133,"TX-Eastland County",2803
48135,"TX-Ector County",10501
48137,"TX-Edwards County",254
48139,"TX-Ellis County",13312
48141,"TX-El Paso County",40353
48143,"TX-Erath County",3503
48145,"TX-Falls County",1524
48147,"TX-Fannin County",4462
48149,"TX-Fayette County",4110
48151,"TX-Fisher County",901
48153,"TX-Floyd County",763
48155,"TX-Foard County",272
48157,"TX-Fort Bend County",28898
48159,"TX-Franklin County",1358
48161,"TX-Freestone County",2259
48163,"TX-Frio County",1276
48165,"TX-Gaines County",1213
48167,"TX-Galveston County",25716
48169,"TX-Garza County",462
48171,"TX-Gillespie County",5184
48173,"TX-Glasscock County",118
48175,"TX-Goliad County",898
48177,"TX-Gonzales County",2423
48179,"TX-Gray County",2688
48181,"TX-Grayson County",15728
48183,"TX-Gregg County",14620
48185,"TX-Grimes County",2567
48187,"TX-Guadalupe County",10620
48189,"TX-Hale County",3313
48191,"TX-Hall County",554
48193,"TX-Hamilton County",1451
48195,"TX-Hansford County",657
48197,"TX-Hardeman County",604
48199,"TX-Hardin County",4827
48201,"TX-Harris County",191888
48203,"TX-Harrison County",6064
48205,"TX-Hartley County",99
48207,"TX-Haskell County",928
48209,"TX-Hays County",12435
48211,"TX-Hemphill County",433
48213,"TX-Henderson County",11524
48215,"TX-Hidalgo County",42622
48217,"TX-Hill County",4643
48219,"TX-Hockley County",2082
48221,"TX-Hood County",8980
48223,"TX-Hopkins County",4631
48225,"TX-Houston County",3246
48227,"TX-Howard County",3203
48229,"TX-Hudspeth County",226
48231,"TX-Hunt County",9267
48233,"TX-Hutchinson County",2616
48235,"TX-Irion County",204
48237,"TX-Jack County",980
48239,"TX-Jackson County",1573
48241,"TX-Jasper County",4267
48243,"TX-Jeff Davis County",408
48245,"TX-Jefferson County",19126
48247,"TX-Jim Hogg County",533
48249,"TX-Jim Wells County",3040
48251,"TX-Johnson County",11004
48253,"TX-Jones County",1355
48255,"TX-Karnes County",1461
48257,"TX-Kaufman County",7901
48259,"TX-Kendall County",5006
48261,"TX-Kenedy County",34
48263,"TX-Kent County",125
48265,"TX-Kerr County",10381
48267,"TX-Kimble County",710
48269,"TX-King County",20
48271,"TX-Kinney County",545
48273,"TX-Kleberg County",2093
48275,"TX-Knox County",557
48277,"TX-Lamar County",7310
48279,"TX-Lamb County",1556
48281,"TX-Lampasas County",2484
48283,"TX-La Salle County",522
48285,"TX-Lavaca County",3948
48287,"TX-Lee County",1928
48289,"TX-Leon County",3127
48291,"TX-Liberty County",4904
48293,"TX-Limestone County",2433
48295,"TX-Lipscomb County",401
48297,"TX-Live Oak County",950
48299,"TX-Llano County",4940
48301,"TX-Loving County",10
48303,"TX-Lubbock County",20687
48305,"TX-Lynn County",476
48307,"TX-McCulloch County",1407
48309,"TX-McLennan County",18671
48311,"TX-McMullen County",98
48313,"TX-Madison County",1298
48315,"TX-Marion County",1728
48317,"TX-Martin County",568
48319,"TX-Mason County",811
48321,"TX-Matagorda County",3759
48323,"TX-Maverick County",4224
48325,"TX-Medina County",3605
48327,"TX-Menard County",447
48329,"TX-Midland County",10496
48331,"TX-Milam County",2637
48333,"TX-Mills County",668
48335,"TX-Mitchell County",932
48337,"TX-Montague County",3460
48339,"TX-Montgomery County",32692
48341,"TX-Moore County",1607
48343,"TX-Morris County",1310
48345,"TX-Motley County",231
48347,"TX-Nacogdoches County",6234
48349,"TX-Navarro County",5356
48351,"TX-Newton County",1331
48353,"TX-Nolan County",2084
48355,"TX-Nueces County",18576
48357,"TX-Ochiltree County",893
48359,"TX-Oldham County",308
48361,"TX-Orange County",7728
48363,"TX-Palo Pinto County",3716
48365,"TX-Panola County",2733
48367,"TX-Parker County",13103
48369,"TX-Parmer County",1019
48371,"TX-Pecos County",1326
48373,"TX-Polk County",10465
48375,"TX-Potter County",9334
48377,"TX-Presidio County",1176
48379,"TX-Rains County",1674
48381,"TX-Randall County",12511
48383,"TX-Reagan County",278
48385,"TX-Real County",833
48387,"TX-Red River County",2106
48389,"TX-Reeves County",1318
48391,"TX-Refugio County",1088
48393,"TX-Roberts County",92
48395,"TX-Robertson County",1887
48397,"TX-Rockwall County",6724
48399,"TX-Runnels County",1852
48401,"TX-Rusk County",4576
48403,"TX-Sabine County",1844
48405,"TX-San Augustine County",1499
48407,"TX-San Jacinto County",3033
48409,"TX-San Patricio County",4686
48411,"TX-San Saba County",836
48413,"TX-Schleicher County",340
48415,"TX-Scurry County",1796
48417,"TX-Shackelford County",503
48419,"TX-Shelby County",2968
48421,"TX-Sherman County",269
48423,"TX-Smith County",23161
48425,"TX-Somervell County",876
48427,"TX-Starr County",5146
48429,"TX-Stephens County",1183
48431,"TX-Sterling County",149
48433,"TX-Stonewall County",280
48435,"TX-Sutton County",553
48437,"TX-Swisher County",1149
48439,"TX-Tarrant County",90888
48441,"TX-Taylor County",13816
48443,"TX-Terrell County",144
48445,"TX-Terry County",1145
48447,"TX-Throckmorton County",286
48449,"TX-Titus County",2598
48451,"TX-Tom Green County",12230
48453,"TX-Travis County",57416
48455,"TX-Trinity County",2189
48457,"TX-Tyler County",2733
48459,"TX-Upshur County",3490
48461,"TX-Upton County",319
48463,"TX-Uvalde County",2781
48465,"TX-Val Verde County",4711
48467,"TX-Van Zandt County",6755
48469,"TX-Victoria County",9040
48471,"TX-Walker County",4591
48473,"TX-Waller County",1713
48475,"TX-Ward County",1132
48477,"TX-Washington County",4885
48479,"TX-Webb County",16176
48481,"TX-Wharton County",4734
48483,"TX-Wheeler County",761
48485,"TX-Wichita County",14111
48487,"TX-Wilbarger County",1475
48489,"TX-Willacy County",1551
48491,"TX-Williamson County",31979
48493,"TX-Wilson County",3518
48495,"TX-Winkler County",654
48497,"TX-Wise County",5514
48499,"TX-Wood County",8322
48501,"TX-Yoakum County",801
48503,"TX-Young County",3137
48505,"TX-Zapata County",1181
48507,"TX-Zavala County",792
49001,"UT-Beaver County",670
49003,"UT-Box Elder County",3458
49005,"UT-Cache County",4565
49007,"UT-Carbon County",2553
49009,"UT-Daggett County",132
49011,"UT-Davis County",16211
49013,"UT-Duchesne County",1571
49015,"UT-Emery County",1090
49017,"UT-Garfield County",803
49019,"UT-Grand County",1351
49021,"UT-Iron County",3563
49023,"UT-Juab County",1049
49025,"UT-Kane County",1290
49027,"UT-Millard County",1635
49029,"UT-Morgan County",725
49031,"UT-Piute County",290
49033,"UT-Rich County",222
49035,"UT-Salt Lake County",48063
49037,"UT-San Juan County",1318
49039,"UT-Sanpete County",3044
49041,"UT-Sevier County",2881
49043,"UT-Summit County",2259
49045,"UT-Tooele County",3299
49047,"UT-Uintah County",1917
49049,"UT-Utah County",19798
49051,"UT-Wasatch County",1360
49053,"UT-Washington County",16915
49055,"UT-Wayne County",433
49057,"UT-Weber County",15235
50001,"VT-Addison County",4711
50003,"VT-Bennington County",6193
50005,"VT-Caledonia County",4370
50007,"VT-Chittenden County",17027
50009,"VT-Essex County",1243
50011,"VT-Franklin County",5665
50013,"VT-Grand Isle County",1141
50015,"VT-Lamoille County",3135
50017,"VT-Orange County",4458
50019,"VT-Orleans County",4609
50021,"VT-Rutland County",10146
50023,"VT-Washington County",8092
50025,"VT-Windham County",6813
50027,"VT-Windsor County",9514
51001,"VA-Accomack County",5448
51003,"VA-Albemarle County",14593
51005,"VA-Alleghany County",1206
51007,"VA-Amelia County",1492
51009,"VA-Amherst County",4429
51011,"VA-Appomattox County",3063
51013,"VA-Arlington County",14696
51015,"VA-Augusta County",7109
51017,"VA-Bath County",1028
51019,"VA-Bedford County",8326
51021,"VA-Bland County",958
51023,"VA-Botetourt County",3570
51025,"VA-Brunswick County",2131
51027,"VA-Buchanan County",2150
51029,"VA-Buckingham County",1500
51031,"VA-Campbell County",4499
51033,"VA-Caroline County",2915
51035,"VA-Carroll County",4258
51036,"VA-Charles City County",658
51037,"VA-Charlotte County",2224
51041,"VA-Chesterfield County",29043
51043,"VA-Clarke County",2162
51045,"VA-Craig County",584
51047,"VA-Culpeper County",4987
51049,"VA-Cumberland County",721
51051,"VA-Dickenson County",1772
51053,"VA-Dinwiddie County",2052
51057,"VA-Essex County",1594
51059,"VA-Fairfax County",83868
51061,"VA-Fauquier County",7327
51063,"VA-Floyd County",2055
51065,"VA-Fluvanna County",4312
51067,"VA-Franklin County",6741
51069,"VA-Frederick County",6528
51071,"VA-Giles County",2428
51073,"VA-Gloucester County",5046
51075,"VA-Goochland County",2616
51077,"VA-Grayson County",2306
51079,"VA-Greene County",2105
51081,"VA-Greensville County",341
51083,"VA-Halifax County",5798
51085,"VA-Hanover County",13110
51087,"VA-Henrico County",30054
51089,"VA-Henry County",5400
51091,"VA-Highland County",501
51093,"VA-Isle of Wight County",4200
51095,"VA-James City County",8627
51097,"VA-King and Queen County",1052
51099,"VA-King George County",2143
51101,"VA-King William County",1500
51103,"VA-Lancaster County",3353
51105,"VA-Lee County",2341
51107,"VA-Loudoun County",17739
51109,"VA-Louisa County",5045
51111,"VA-Lunenburg County",1261
51113,"VA-Madison County",1640
51115,"VA-Mathews County",2044
51117,"VA-Mecklenburg County",5498
51119,"VA-Middlesex County",2011
51121,"VA-Montgomery County",7595
51125,"VA-Nelson County",2928
51127,"VA-New Kent County",3390
51131,"VA-Northampton County",1979
51133,"VA-Northumberland County",3075
51135,"VA-Nottoway County",2202
51137,"VA-Orange County",5249
51139,"VA-Page County",3736
51141,"VA-Patrick County",2920
51143,"VA-Pittsylvania County",6653
51145,"VA-Powhatan County",2753
51147,"VA-Prince Edward County",2838
51149,"VA-Prince George County",2156
51153,"VA-Prince William County",22063
51155,"VA-Pulaski County",4370
51157,"VA-Rappahannock County",1695
51159,"VA-Richmond County",1213
51161,"VA-Roanoke County",12791
51163,"VA-Rockbridge County",1479
51165,"VA-Rockingham County",8025
51167,"VA-Russell County",3005
51169,"VA-Scott County",2093
51171,"VA-Shenandoah County",6983
51173,"VA-Smyth County",4545
51175,"VA-Southampton County",1629
51177,"VA-Spotsylvania County",10685
51179,"VA-Stafford County",9438
51181,"VA-Surry County",781
51183,"VA-Sussex County",1252
51185,"VA-Tazewell County",5584
51187,"VA-Warren County",4350
51191,"VA-Washington County",6808
51193,"VA-Westmoreland County",3069
51195,"VA-Wise County",3911
51197,"VA-Wythe County",4040
51199,"VA-York County",5969
51510,"VA-Alexandria city",8537
51515,"VA-Bedford city",3054
51520,"VA-Bristol city",1761
51530,"VA-Buena Vista city",1048
51540,"VA-Charlottesville city",222
51550,"VA-Chesapeake city",19507
51570,"VA-Colonial Heights city",3392
51580,"VA-Covington city",2554
51590,"VA-Danville city",9074
51595,"VA-Emporia city",1486
51600,"VA-Fairfax city",36
51610,"VA-Falls Church city",1357
51620,"VA-Franklin city",1891
51630,"VA-Fredericksburg city",2244
51640,"VA-Galax city",2973
51650,"VA-Hampton city",12851
51660,"VA-Harrisonburg city",6052
51670,"VA-Hopewell city",3216
51678,"VA-Lexington city",2685
51680,"VA-Lynchburg city",11872
51683,"VA-Manassas city",2582
51685,"VA-Manassas Park city",1563
51690,"VA-Martinsville city",4702
51700,"VA-Newport News city",14161
51710,"VA-Norfolk city",15527
51720,"VA-Norton city",641
51730,"VA-Petersburg city",6069
51735,"VA-Poquoson city",1744
51740,"VA-Portsmouth city",8627
51750,"VA-Radford city",2106
51760,"VA-Richmond city",8970
51770,"VA-Roanoke city",10051
51775,"VA-Salem city",5459
51790,"VA-Staunton city",5798
51800,"VA-Suffolk city",7776
51810,"VA-Virginia Beach city",40520
51820,"VA-Waynesboro city",4759
51830,"VA-Williamsburg city",7577
51840,"VA-Winchester city",6588
53001,"WA-Adams County",1663
53003,"WA-Asotin County",3549
53005,"WA-Benton County",18827
53007,"WA-Chelan County",9459
53009,"WA-Clallam County",16870
53011,"WA-Clark County",22432
53013,"WA-Columbia County",858
53015,"WA-Cowlitz County",7759
53017,"WA-Douglas County",4116
53019,"WA-Ferry County",1217
53021,"WA-Franklin County",5396
53023,"WA-Garfield County",491
53025,"WA-Grant County",8493
53027,"WA-Grays Harbor County",11506
53029,"WA-Island County",10954
53031,"WA-Jefferson County",8126
53033,"WA-King County",130628
53035,"WA-Kitsap County",27133
53037,"WA-Kittitas County",5152
53039,"WA-Klickitat County",3855
53041,"WA-Lewis County",9088
53043,"WA-Lincoln County",2106
53045,"WA-Mason County",8851
53047,"WA-Okanogan County",7256
53049,"WA-Pacific County",5188
53051,"WA-Pend Oreille County",2285
53053,"WA-Pierce County",63960
53055,"WA-San Juan County",3054
53057,"WA-Skagit County",13635
53059,"WA-Skamania County",1069
53061,"WA-Snohomish County",39167
53063,"WA-Spokane County",40672
53065,"WA-Stevens County",7649
53067,"WA-Thurston County",22179
53069,"WA-Wahkiakum County",775
53071,"WA-Walla Walla County",7957
53073,"WA-Whatcom County",17519
53075,"WA-Whitman County",3972
53077,"WA-Yakima County",22323
54001,"WV-Barbour County",2132
54003,"WV-Berkeley County",10049
54005,"WV-Boone County",2194
54007,"WV-Braxton County",1533
54009,"WV-Brooke County",2206
54011,"WV-Cabell County",9176
54013,"WV-Calhoun County",1023
54015,"WV-Clay County",1026
54017,"WV-Doddridge County",568
54019,"WV-Fayette County",4240
54021,"WV-Gilmer County",727
54023,"WV-Grant County",1553
54025,"WV-Greenbrier County",5370
54027,"WV-Hampshire County",3121
54029,"WV-Hancock County",4719
54031,"WV-Hardy County",1854
54033,"WV-Harrison County",8144
54035,"WV-Jackson County",3681
54037,"WV-Jefferson County",5408
54039,"WV-Kanawha County",19648
54041,"WV-Lewis County",1918
54043,"WV-Lincoln County",1896
54045,"WV-Logan County",3154
54047,"WV-McDowell County",2001
54049,"WV-Marion County",6322
54051,"WV-Marshall County",2798
54053,"WV-Mason County",3459
54055,"WV-Mercer County",7515
54057,"WV-Mineral County",4240
54059,"WV-Mingo County",2434
54061,"WV-Monongalia County",5988
54063,"WV-Monroe County",1936
54065,"WV-Morgan County",2797
54067,"WV-Nicholas County",2812
54069,"WV-Ohio County",4275
54071,"WV-Pendleton County",1208
54073,"WV-Pleasants County",882
54075,"WV-Pocahontas County",1205
54077,"WV-Preston County",3762
54079,"WV-Putnam County",5037
54081,"WV-Raleigh County",9160
54083,"WV-Randolph County",3777
54085,"WV-Ritchie County",1362
54087,"WV-Roane County",1674
54089,"WV-Summers County",1804
54091,"WV-Taylor County",1565
54093,"WV-Tucker County",930
54095,"WV-Tyler County",775
54097,"WV-Upshur County",2555
54099,"WV-Wayne County",4891
54101,"WV-Webster County",1054
54103,"WV-Wetzel County",1887
54105,"WV-Wirt County",725
54107,"WV-Wood County",11481
54109,"WV-Wyoming County",1977
55001,"WI-Adams County",4941
55003,"WI-Ashland County",1919
55005,"WI-Barron County",4794
55007,"WI-Bayfield County",1913
55009,"WI-Brown County",14348
55011,"WI-Buffalo County",2005
55013,"WI-Burnett County",2317
55015,"WI-Calumet County",1259
55017,"WI-Chippewa County",6388
55019,"WI-Clark County",2304
55021,"WI-Columbia County",5750
55023,"WI-Crawford County",1869
55025,"WI-Dane County",39358
55027,"WI-Dodge County",7415
55029,"WI-Door County",5133
55031,"WI-Douglas County",3741
55033,"WI-Dunn County",3820
55035,"WI-Eau Claire County",9299
55037,"WI-Florence County",544
55039,"WI-Fond du Lac County",7984
55041,"WI-Forest County",1420
55043,"WI-Grant County",4819
55045,"WI-Green County",4663
55047,"WI-Green Lake County",1717
55049,"WI-Iowa County",2104
55051,"WI-Iron County",776
55053,"WI-Jackson County",1476
55055,"WI-Jefferson County",7160
55057,"WI-Juneau County",3609
55059,"WI-Kenosha County",13113
55061,"WI-Kewaunee County",1813
55063,"WI-La Crosse County",7698
55065,"WI-Lafayette County",1659
55067,"WI-Langlade County",2192
55069,"WI-Lincoln County",3492
55071,"WI-Manitowoc County",7694
55073,"WI-Marathon County",9915
55075,"WI-Marinette County",5286
55077,"WI-Marquette County",1970
55078,"WI-Menominee County",321
55079,"WI-Milwaukee County",64419
55081,"WI-Monroe County",3848
55083,"WI-Oconto County",3118
55085,"WI-Oneida County",4911
55087,"WI-Outagamie County",8575
55089,"WI-Ozaukee County",9065
55091,"WI-Pepin County",1097
55093,"WI-Pierce County",3230
55095,"WI-Polk County",4518
55097,"WI-Portage County",5354
55099,"WI-Price County",1819
55101,"WI-Racine County",17335
55103,"WI-Richland County",2387
55105,"WI-Rock County",14038
55107,"WI-Rusk County",1365
55109,"WI-St. Croix County",4770
55111,"WI-Sauk County",5553
55113,"WI-Sawyer County",2644
55115,"WI-Shawano County",3368
55117,"WI-Sheboygan County",9718
55119,"WI-Taylor County",1592
55121,"WI-Trempealeau County",2611
55123,"WI-Vernon County",2109
55125,"WI-Vilas County",5218
55127,"WI-Walworth County",10930
55129,"WI-Washburn County",2626
55131,"WI-Washington County",11955
55133,"WI-Waukesha County",37711
55135,"WI-Waupaca County",4284
55137,"WI-Waushara County",2171
55139,"WI-Winnebago County",9482
55141,"WI-Wood County",5271
56001,"WY-Albany County",2953
56003,"WY-Big Horn County",1975
56005,"WY-Campbell County",2888
56007,"WY-Carbon County",1894
56009,"WY-Converse County",1777
56011,"WY-Crook County",1041
56013,"WY-Fremont County",5393
56015,"WY-Goshen County",2383
56017,"WY-Hot Springs County",1048
56019,"WY-Johnson County",1512
56021,"WY-Laramie County",11748
56023,"WY-Lincoln County",2274
56025,"WY-Natrona County",8911
56027,"WY-Niobrara County",452
56029,"WY-Park County",5288
56031,"WY-Platte County",1779
56033,"WY-Sheridan County",4599
56035,"WY-Sublette County",1003
56037,"WY-Sweetwater County",3650
56039,"WY-Teton County",2268
56041,"WY-Uinta County",1709
56043,"WY-Washakie County",1465
56045,"WY-Weston County",1092
99999,"US-United States",26097945
