"Date","CO","County"
"01/01/2024",0.7,"Broward"
"01/02/2024",0.5,"Broward"
"01/03/2024",0.4,"Broward"
"01/04/2024",0.7,"Broward"
"01/05/2024",0.2,"Broward"
"01/06/2024",0.2,"Broward"
"01/07/2024",0.2,"Broward"
"01/08/2024",0.2,"Broward"
"01/09/2024",0.1,"Broward"
"01/10/2024",0.3,"Broward"
"01/11/2024",0.3,"Broward"
"01/12/2024",0.2,"Broward"
"01/13/2024",0.2,"Broward"
"01/14/2024",0.2,"Broward"
"01/15/2024",0.2,"Broward"
"01/16/2024",0.3,"Broward"
"01/17/2024",0.2,"Broward"
"01/18/2024",0.3,"Broward"
"01/19/2024",0.3,"Broward"
"01/20/2024",0.2,"Broward"
"01/21/2024",0.2,"Broward"
"01/22/2024",0.2,"Broward"
"01/23/2024",0.2,"Broward"
"01/24/2024",0.2,"Broward"
"01/25/2024",0.2,"Broward"
"01/26/2024",0.2,"Broward"
"01/27/2024",0.2,"Broward"
"01/28/2024",0.3,"Broward"
"01/29/2024",0.2,"Broward"
"01/30/2024",0.2,"Broward"
"01/31/2024",0.2,"Broward"
"02/01/2024",0.3,"Broward"
"02/02/2024",0.3,"Broward"
"02/03/2024",0.3,"Broward"
"02/04/2024",0.4,"Broward"
"02/05/2024",0.3,"Broward"
"02/06/2024",0.3,"Broward"
"02/07/2024",0.2,"Broward"
"02/08/2024",0.2,"Broward"
"02/09/2024",0.2,"Broward"
"02/10/2024",0.2,"Broward"
"02/11/2024",0.2,"Broward"
"02/12/2024",0.2,"Broward"
"02/13/2024",0.2,"Broward"
"02/14/2024",0.2,"Broward"
"02/15/2024",0.2,"Broward"
"02/16/2024",0.3,"Broward"
"02/17/2024",0.4,"Broward"
"02/18/2024",0.3,"Broward"
"02/19/2024",0.2,"Broward"
"02/20/2024",0.3,"Broward"
"02/21/2024",0.3,"Broward"
"02/22/2024",0.3,"Broward"
"02/23/2024",0.4,"Broward"
"02/24/2024",0.2,"Broward"
"02/25/2024",0.3,"Broward"
"02/26/2024",0.5,"Broward"
"02/27/2024",0.3,"Broward"
"02/28/2024",0.3,"Broward"
"02/29/2024",0.4,"Broward"
"03/01/2024",0.2,"Broward"
"03/02/2024",0.3,"Broward"
"03/03/2024",0.4,"Broward"
"03/04/2024",0.3,"Broward"
"03/05/2024",0.2,"Broward"
"03/06/2024",0.3,"Broward"
"03/07/2024",0.5,"Broward"
"03/08/2024",0.7,"Broward"
"03/09/2024",0.2,"Broward"
"03/10/2024",0.2,"Broward"
"03/11/2024",0.2,"Broward"
"03/12/2024",0.3,"Broward"
"03/13/2024",0.3,"Broward"
"03/14/2024",0.3,"Broward"
"03/15/2024",0.2,"Broward"
"03/16/2024",0.3,"Broward"
"03/17/2024",0.2,"Broward"
"03/18/2024",0.4,"Broward"
"03/19/2024",0.2,"Broward"
"03/20/2024",0.2,"Broward"
"03/21/2024",0.3,"Broward"
"03/22/2024",0.2,"Broward"
"03/23/2024",0.2,"Broward"
"03/24/2024",0.2,"Broward"
"03/25/2024",0.2,"Broward"
"03/26/2024",0.2,"Broward"
"03/27/2024",0.2,"Broward"
"03/28/2024",0.2,"Broward"
"03/29/2024",0.2,"Broward"
"03/30/2024",0.3,"Broward"
"03/31/2024",0.2,"Broward"
"04/01/2024",0.3,"Broward"
"04/02/2024",0.3,"Broward"
"04/03/2024",0.2,"Broward"
"04/04/2024",0.2,"Broward"
"04/05/2024",0.2,"Broward"
"04/06/2024",0.2,"Broward"
"04/07/2024",0.2,"Broward"
"04/08/2024",0.2,"Broward"
"04/09/2024",0.2,"Broward"
"04/10/2024",0.2,"Broward"
"04/11/2024",0.2,"Broward"
"04/12/2024",0.2,"Broward"
"04/13/2024",0.2,"Broward"
"04/14/2024",0.2,"Broward"
"04/15/2024",0.3,"Broward"
"04/16/2024",0.2,"Broward"
"04/17/2024",0.2,"Broward"
"04/18/2024",0.2,"Broward"
"04/19/2024",0.2,"Broward"
"04/20/2024",0.3,"Broward"
"04/21/2024",0.2,"Broward"
"04/22/2024",0.2,"Broward"
"04/23/2024",0.2,"Broward"
"04/24/2024",0.2,"Broward"
"04/25/2024",0.2,"Broward"
"04/26/2024",0.3,"Broward"
"04/27/2024",0.2,"Broward"
"04/28/2024",0.2,"Broward"
"04/29/2024",0.2,"Broward"
"04/30/2024",0.2,"Broward"
"05/01/2024",0.2,"Broward"
"05/02/2024",0.2,"Broward"
"05/03/2024",0.1,"Broward"
"05/04/2024",0.1,"Broward"
"05/05/2024",0.2,"Broward"
"05/06/2024",0.2,"Broward"
"05/07/2024",0.2,"Broward"
"05/08/2024",0.2,"Broward"
"05/09/2024",0.2,"Broward"
"05/10/2024",0.2,"Broward"
"05/11/2024",0.2,"Broward"
"05/12/2024",0.2,"Broward"
"05/13/2024",0.2,"Broward"
"05/14/2024",0.2,"Broward"
"05/15/2024",0.2,"Broward"
"05/16/2024",0.2,"Broward"
"05/17/2024",0.2,"Broward"
"05/18/2024",0.3,"Broward"
"05/19/2024",0.2,"Broward"
"05/20/2024",0.2,"Broward"
"05/21/2024",0.2,"Broward"
"05/22/2024",0.3,"Broward"
"05/23/2024",0.2,"Broward"
"05/24/2024",0.2,"Broward"
"05/25/2024",0.2,"Broward"
"05/26/2024",0.2,"Broward"
"05/27/2024",0.2,"Broward"
"05/28/2024",0.2,"Broward"
"05/29/2024",0.2,"Broward"
"05/30/2024",0.3,"Broward"
"05/31/2024",0.2,"Broward"
"06/01/2024",0.2,"Broward"
"06/02/2024",0.1,"Broward"
"06/03/2024",0.2,"Broward"
"06/04/2024",0.2,"Broward"
"06/05/2024",0.2,"Broward"
"06/06/2024",0.1,"Broward"
"06/07/2024",0.3,"Broward"
"06/08/2024",0.3,"Broward"
"06/09/2024",0.3,"Broward"
"06/10/2024",0.2,"Broward"
"06/11/2024",0.2,"Broward"
"06/12/2024",0.2,"Broward"
"06/13/2024",0.2,"Broward"
"06/14/2024",0.2,"Broward"
"06/15/2024",0.3,"Broward"
"06/16/2024",0.3,"Broward"
"06/17/2024",0.2,"Broward"
"06/18/2024",0.1,"Broward"
"06/19/2024",0.2,"Broward"
"06/20/2024",0.2,"Broward"
"06/21/2024",0.2,"Broward"
"06/22/2024",0.2,"Broward"
"06/23/2024",0.2,"Broward"
"06/24/2024",0.2,"Broward"
"06/25/2024",0.2,"Broward"
"06/26/2024",0.2,"Broward"
"06/27/2024",0.2,"Broward"
"06/28/2024",0.2,"Broward"
"06/29/2024",0.3,"Broward"
"06/30/2024",0.2,"Broward"
"07/01/2024",0.2,"Broward"
"07/02/2024",0.2,"Broward"
"07/03/2024",0.1,"Broward"
"07/04/2024",0.2,"Broward"
"07/05/2024",0.2,"Broward"
"07/06/2024",0.3,"Broward"
"07/07/2024",0.2,"Broward"
"07/08/2024",0.2,"Broward"
"07/09/2024",0.2,"Broward"
"07/10/2024",0.2,"Broward"
"07/11/2024",0.2,"Broward"
"07/12/2024",0.2,"Broward"
"07/13/2024",0.2,"Broward"
"07/14/2024",0.1,"Broward"
"07/15/2024",0.1,"Broward"
"07/16/2024",0.1,"Broward"
"07/17/2024",0.1,"Broward"
"07/18/2024",0.2,"Broward"
"07/19/2024",0.2,"Broward"
"07/20/2024",0.1,"Broward"
"07/21/2024",0.2,"Broward"
"07/22/2024",0.2,"Broward"
"07/23/2024",0.2,"Broward"
"07/24/2024",0.1,"Broward"
"07/25/2024",0.1,"Broward"
"07/26/2024",0.1,"Broward"
"07/27/2024",0.2,"Broward"
"07/28/2024",0.1,"Broward"
"07/29/2024",0.2,"Broward"
"07/30/2024",0.3,"Broward"
"07/31/2024",0.3,"Broward"
"08/01/2024",0.1,"Broward"
"08/02/2024",0.1,"Broward"
"08/03/2024",0.1,"Broward"
"08/04/2024",0.1,"Broward"
"08/05/2024",0.1,"Broward"
"08/06/2024",0.2,"Broward"
"08/07/2024",0.1,"Broward"
"08/08/2024",0.2,"Broward"
"08/09/2024",0.3,"Broward"
"08/10/2024",0.3,"Broward"
"08/11/2024",0.2,"Broward"
"08/12/2024",0.2,"Broward"
"08/13/2024",0.2,"Broward"
"08/14/2024",0.2,"Broward"
"08/15/2024",0.2,"Broward"
"08/16/2024",0.2,"Broward"
"08/17/2024",0.2,"Broward"
"08/18/2024",0.3,"Broward"
"08/19/2024",0.3,"Broward"
"08/20/2024",0.2,"Broward"
"08/21/2024",0.4,"Broward"
"08/22/2024",0.4,"Broward"
"08/23/2024",0.3,"Broward"
"08/24/2024",0.3,"Broward"
"08/25/2024",0.4,"Broward"
"08/26/2024",0.2,"Broward"
"08/27/2024",0.1,"Broward"
"08/28/2024",0.2,"Broward"
"08/29/2024",0.2,"Broward"
"08/30/2024",0.2,"Broward"
"08/31/2024",0.2,"Broward"
"09/01/2024",0.3,"Broward"
"09/02/2024",0.2,"Broward"
"09/03/2024",0.2,"Broward"
"09/04/2024",0.3,"Broward"
"09/13/2024",0.2,"Broward"
"09/14/2024",0.4,"Broward"
"09/15/2024",0.3,"Broward"
"09/16/2024",0.3,"Broward"
"09/17/2024",0.4,"Broward"
"09/18/2024",0.2,"Broward"
"09/19/2024",0.3,"Broward"
"09/20/2024",0.3,"Broward"
"09/21/2024",0.3,"Broward"
"09/22/2024",0.2,"Broward"
"09/23/2024",0.3,"Broward"
"09/24/2024",0.3,"Broward"
"09/25/2024",0.2,"Broward"
"09/26/2024",0.1,"Broward"
"09/27/2024",0.2,"Broward"
"09/28/2024",0.2,"Broward"
"09/29/2024",0.3,"Broward"
"09/30/2024",0.2,"Broward"
"10/01/2024",0.1,"Broward"
"01/01/2024",1.5,"Broward"
"01/02/2024",1.1,"Broward"
"01/03/2024",1,"Broward"
"01/04/2024",1.3,"Broward"
"01/05/2024",0.6,"Broward"
"01/06/2024",0.6,"Broward"
"01/07/2024",0.4,"Broward"
"01/08/2024",0.5,"Broward"
"01/09/2024",0.5,"Broward"
"01/10/2024",0.8,"Broward"
"01/11/2024",0.8,"Broward"
"01/12/2024",0.7,"Broward"
"01/13/2024",0.7,"Broward"
"01/14/2024",0.5,"Broward"
"01/15/2024",0.8,"Broward"
"01/16/2024",0.8,"Broward"
"01/17/2024",0.5,"Broward"
"01/18/2024",0.9,"Broward"
"01/19/2024",0.8,"Broward"
"01/20/2024",0.5,"Broward"
"01/21/2024",0.5,"Broward"
"01/22/2024",0.5,"Broward"
"01/23/2024",0.6,"Broward"
"01/24/2024",0.6,"Broward"
"01/25/2024",0.8,"Broward"
"01/26/2024",0.7,"Broward"
"01/27/2024",0.9,"Broward"
"01/28/2024",0.8,"Broward"
"01/29/2024",0.3,"Broward"
"01/30/2024",0.4,"Broward"
"01/31/2024",0.4,"Broward"
"02/01/2024",0.7,"Broward"
"02/02/2024",0.8,"Broward"
"02/03/2024",1,"Broward"
"02/04/2024",1,"Broward"
"02/05/2024",0.7,"Broward"
"02/06/2024",0.5,"Broward"
"02/07/2024",0.5,"Broward"
"02/08/2024",0.7,"Broward"
"02/09/2024",0.7,"Broward"
"02/10/2024",0.7,"Broward"
"02/11/2024",0.6,"Broward"
"02/12/2024",0.6,"Broward"
"02/13/2024",0.3,"Broward"
"02/14/2024",0.7,"Broward"
"02/15/2024",0.7,"Broward"
"02/16/2024",0.8,"Broward"
"02/17/2024",0.7,"Broward"
"02/18/2024",0.6,"Broward"
"02/19/2024",0.3,"Broward"
"02/20/2024",0.3,"Broward"
"02/21/2024",0.4,"Broward"
"02/22/2024",0.7,"Broward"
"02/23/2024",0.7,"Broward"
"02/24/2024",0.3,"Broward"
"02/25/2024",1.2,"Broward"
"02/26/2024",1.3,"Broward"
"02/27/2024",0.8,"Broward"
"02/28/2024",0.8,"Broward"
"02/29/2024",0.8,"Broward"
"03/01/2024",0.7,"Broward"
"03/02/2024",0.9,"Broward"
"03/03/2024",0.9,"Broward"
"03/04/2024",0.7,"Broward"
"03/05/2024",0.8,"Broward"
"03/06/2024",0.7,"Broward"
"03/07/2024",1.1,"Broward"
"03/08/2024",1.3,"Broward"
"03/09/2024",0.8,"Broward"
"03/10/2024",0.4,"Broward"
"03/11/2024",0.5,"Broward"
"03/12/2024",0.8,"Broward"
"03/13/2024",1,"Broward"
"03/14/2024",0.9,"Broward"
"03/15/2024",0.9,"Broward"
"03/16/2024",0.9,"Broward"
"03/17/2024",0.7,"Broward"
"03/18/2024",0.7,"Broward"
"03/19/2024",0.5,"Broward"
"03/20/2024",0.7,"Broward"
"03/21/2024",0.9,"Broward"
"03/22/2024",0.5,"Broward"
"03/23/2024",0.4,"Broward"
"03/24/2024",0.5,"Broward"
"03/25/2024",0.5,"Broward"
"03/26/2024",0.6,"Broward"
"03/27/2024",0.7,"Broward"
"03/28/2024",0.6,"Broward"
"03/29/2024",0.7,"Broward"
"03/30/2024",0.8,"Broward"
"03/31/2024",0.9,"Broward"
"04/01/2024",0.9,"Broward"
"04/02/2024",0.7,"Broward"
"04/03/2024",0.6,"Broward"
"04/04/2024",0.2,"Broward"
"04/05/2024",0.5,"Broward"
"04/06/2024",0.7,"Broward"
"04/07/2024",0.9,"Broward"
"04/08/2024",0.6,"Broward"
"04/09/2024",0.6,"Broward"
"04/10/2024",0.6,"Broward"
"04/11/2024",0.5,"Broward"
"04/12/2024",0.8,"Broward"
"04/13/2024",0.7,"Broward"
"04/14/2024",0.7,"Broward"
"04/15/2024",0.7,"Broward"
"04/16/2024",0.6,"Broward"
"04/17/2024",0.7,"Broward"
"04/18/2024",0.7,"Broward"
"04/19/2024",0.7,"Broward"
"04/20/2024",0.8,"Broward"
"04/21/2024",0.8,"Broward"
"04/22/2024",0.4,"Broward"
"04/23/2024",0.5,"Broward"
"04/24/2024",0.7,"Broward"
"04/25/2024",0.7,"Broward"
"04/26/2024",0.7,"Broward"
"04/27/2024",0.5,"Broward"
"04/28/2024",0.5,"Broward"
"04/29/2024",0.5,"Broward"
"04/30/2024",0.6,"Broward"
"05/01/2024",0.7,"Broward"
"05/02/2024",0.8,"Broward"
"05/03/2024",0.6,"Broward"
"05/04/2024",0.6,"Broward"
"05/05/2024",0.6,"Broward"
"05/06/2024",0.7,"Broward"
"05/07/2024",0.7,"Broward"
"05/08/2024",0.8,"Broward"
"05/09/2024",0.7,"Broward"
"05/10/2024",0.7,"Broward"
"05/11/2024",0.5,"Broward"
"05/12/2024",0.7,"Broward"
"05/13/2024",0.7,"Broward"
"05/14/2024",0.7,"Broward"
"05/15/2024",0.6,"Broward"
"05/16/2024",0.5,"Broward"
"05/17/2024",0.7,"Broward"
"05/18/2024",0.9,"Broward"
"05/19/2024",0.7,"Broward"
"05/20/2024",0.6,"Broward"
"05/21/2024",0.7,"Broward"
"05/22/2024",0.8,"Broward"
"05/23/2024",0.6,"Broward"
"05/24/2024",0.8,"Broward"
"05/25/2024",0.9,"Broward"
"05/26/2024",0.9,"Broward"
"05/27/2024",0.7,"Broward"
"05/28/2024",0.7,"Broward"
"05/29/2024",0.7,"Broward"
"05/30/2024",0.8,"Broward"
"05/31/2024",0.7,"Broward"
"06/01/2024",0.5,"Broward"
"06/02/2024",0.5,"Broward"
"06/03/2024",0.7,"Broward"
"06/04/2024",0.6,"Broward"
"06/05/2024",0.7,"Broward"
"06/06/2024",0.8,"Broward"
"06/07/2024",0.8,"Broward"
"06/08/2024",0.8,"Broward"
"06/09/2024",0.8,"Broward"
"06/10/2024",0.6,"Broward"
"06/11/2024",0.7,"Broward"
"06/12/2024",0.8,"Broward"
"06/13/2024",0.5,"Broward"
"06/14/2024",0.6,"Broward"
"06/15/2024",0.9,"Broward"
"06/16/2024",0.9,"Broward"
"06/17/2024",0.6,"Broward"
"06/18/2024",0.6,"Broward"
"06/19/2024",0.6,"Broward"
"06/20/2024",0.6,"Broward"
"06/21/2024",0.7,"Broward"
"06/22/2024",0.6,"Broward"
"06/23/2024",0.7,"Broward"
"06/24/2024",0.7,"Broward"
"06/25/2024",0.5,"Broward"
"06/26/2024",0.6,"Broward"
"06/27/2024",0.6,"Broward"
"06/28/2024",0.8,"Broward"
"06/29/2024",0.7,"Broward"
"06/30/2024",0.7,"Broward"
"07/01/2024",0.7,"Broward"
"07/02/2024",0.7,"Broward"
"07/03/2024",0.8,"Broward"
"07/04/2024",0.8,"Broward"
"07/05/2024",0.8,"Broward"
"07/06/2024",0.8,"Broward"
"07/07/2024",0.8,"Broward"
"07/08/2024",0.7,"Broward"
"07/09/2024",0.8,"Broward"
"07/10/2024",0.8,"Broward"
"07/11/2024",0.6,"Broward"
"07/12/2024",0.7,"Broward"
"07/13/2024",0.7,"Broward"
"07/14/2024",0.7,"Broward"
"07/15/2024",0.7,"Broward"
"07/16/2024",0.7,"Broward"
"07/17/2024",0.7,"Broward"
"07/18/2024",0.6,"Broward"
"07/19/2024",0.7,"Broward"
"07/20/2024",0.7,"Broward"
"07/21/2024",0.7,"Broward"
"07/22/2024",0.7,"Broward"
"07/23/2024",0.7,"Broward"
"07/24/2024",0.6,"Broward"
"07/25/2024",0.6,"Broward"
"07/26/2024",0.8,"Broward"
"07/27/2024",0.8,"Broward"
"07/28/2024",0.7,"Broward"
"07/29/2024",0.7,"Broward"
"07/30/2024",0.6,"Broward"
"07/31/2024",0.7,"Broward"
"08/01/2024",0.7,"Broward"
"08/02/2024",0.7,"Broward"
"08/03/2024",0.5,"Broward"
"08/04/2024",0.5,"Broward"
"08/05/2024",0.5,"Broward"
"08/06/2024",0.3,"Broward"
"08/07/2024",0.4,"Broward"
"08/08/2024",0.5,"Broward"
"08/09/2024",0.6,"Broward"
"08/10/2024",0.8,"Broward"
"08/11/2024",0.7,"Broward"
"08/12/2024",0.7,"Broward"
"08/13/2024",0.7,"Broward"
"08/14/2024",0.8,"Broward"
"08/15/2024",0.7,"Broward"
"08/16/2024",0.7,"Broward"
"08/17/2024",0.7,"Broward"
"08/18/2024",0.8,"Broward"
"08/19/2024",0.7,"Broward"
"08/20/2024",0.4,"Broward"
"08/21/2024",0.7,"Broward"
"08/22/2024",0.9,"Broward"
"08/23/2024",0.8,"Broward"
"08/24/2024",0.9,"Broward"
"08/25/2024",0.9,"Broward"
"08/26/2024",0.7,"Broward"
"08/27/2024",0.6,"Broward"
"08/28/2024",0.7,"Broward"
"08/29/2024",0.7,"Broward"
"08/30/2024",0.6,"Broward"
"08/31/2024",0.8,"Broward"
"09/01/2024",0.8,"Broward"
"09/02/2024",0.8,"Broward"
"09/03/2024",0.8,"Broward"
"09/04/2024",0.6,"Broward"
"09/05/2024",0.7,"Broward"
"09/06/2024",0.7,"Broward"
"09/07/2024",0.8,"Broward"
"09/08/2024",0.8,"Broward"
"09/09/2024",0.8,"Broward"
"09/10/2024",0.9,"Broward"
"09/11/2024",1,"Broward"
"09/12/2024",0.9,"Broward"
"09/13/2024",0.9,"Broward"
"09/14/2024",0.8,"Broward"
"09/15/2024",0.8,"Broward"
"09/16/2024",0.7,"Broward"
"09/17/2024",0.8,"Broward"
"09/18/2024",0.7,"Broward"
"09/19/2024",0.7,"Broward"
"09/20/2024",0.8,"Broward"
"09/21/2024",0.8,"Broward"
"09/22/2024",0.8,"Broward"
"09/23/2024",0.6,"Broward"
"09/24/2024",0.7,"Broward"
"09/25/2024",0.7,"Broward"
"09/26/2024",0.5,"Broward"
"09/27/2024",0.8,"Broward"
"09/28/2024",0.8,"Broward"
"09/29/2024",0.7,"Broward"
"09/30/2024",0.7,"Broward"
"10/01/2024",0.7,"Broward"
"01/01/2024",0.4,"Duval"
"01/02/2024",0.4,"Duval"
"01/03/2024",0.7,"Duval"
"01/04/2024",0.3,"Duval"
"01/05/2024",0.4,"Duval"
"01/06/2024",0.4,"Duval"
"01/07/2024",0.4,"Duval"
"01/08/2024",0.5,"Duval"
"01/09/2024",0.5,"Duval"
"01/10/2024",0.3,"Duval"
"01/11/2024",0.4,"Duval"
"01/12/2024",0.7,"Duval"
"01/13/2024",0.5,"Duval"
"01/14/2024",0.4,"Duval"
"01/15/2024",0.6,"Duval"
"01/16/2024",0.7,"Duval"
"01/17/2024",0.5,"Duval"
"01/18/2024",0.5,"Duval"
"01/19/2024",0.6,"Duval"
"01/20/2024",0.3,"Duval"
"01/21/2024",0.3,"Duval"
"01/22/2024",0.5,"Duval"
"01/23/2024",0.5,"Duval"
"01/24/2024",0.4,"Duval"
"01/25/2024",0.5,"Duval"
"01/26/2024",0.6,"Duval"
"01/27/2024",0.5,"Duval"
"01/28/2024",0.5,"Duval"
"01/29/2024",0.6,"Duval"
"01/30/2024",0.7,"Duval"
"01/31/2024",0.5,"Duval"
"02/01/2024",0.6,"Duval"
"02/02/2024",0.8,"Duval"
"02/03/2024",0.8,"Duval"
"02/04/2024",0.5,"Duval"
"02/05/2024",0.5,"Duval"
"02/06/2024",0.4,"Duval"
"02/07/2024",0.4,"Duval"
"02/08/2024",0.5,"Duval"
"02/09/2024",0.8,"Duval"
"02/10/2024",0.7,"Duval"
"02/11/2024",0.8,"Duval"
"02/12/2024",0.8,"Duval"
"02/13/2024",0.6,"Duval"
"02/14/2024",0.6,"Duval"
"02/15/2024",0.9,"Duval"
"02/16/2024",1.1,"Duval"
"02/17/2024",0.7,"Duval"
"02/18/2024",0.6,"Duval"
"02/19/2024",0.7,"Duval"
"02/20/2024",1.1,"Duval"
"02/21/2024",0.8,"Duval"
"02/22/2024",1.1,"Duval"
"02/23/2024",0.8,"Duval"
"02/24/2024",0.7,"Duval"
"02/25/2024",0.6,"Duval"
"02/26/2024",1.3,"Duval"
"02/27/2024",0.7,"Duval"
"02/28/2024",0.6,"Duval"
"02/29/2024",0.6,"Duval"
"03/01/2024",0.5,"Duval"
"03/02/2024",0.7,"Duval"
"03/03/2024",0.5,"Duval"
"03/04/2024",0.3,"Duval"
"03/05/2024",0.4,"Duval"
"03/06/2024",0.6,"Duval"
"03/07/2024",0.5,"Duval"
"03/08/2024",0.4,"Duval"
"03/09/2024",0.6,"Duval"
"03/10/2024",0.5,"Duval"
"03/11/2024",0.4,"Duval"
"03/12/2024",0.7,"Duval"
"03/13/2024",0.7,"Duval"
"03/14/2024",1,"Duval"
"03/15/2024",0.7,"Duval"
"03/16/2024",0.7,"Duval"
"03/17/2024",0.6,"Duval"
"03/18/2024",0.6,"Duval"
"03/19/2024",0.6,"Duval"
"03/20/2024",0.8,"Duval"
"03/21/2024",0.8,"Duval"
"03/22/2024",0.8,"Duval"
"03/23/2024",0.7,"Duval"
"03/24/2024",0.6,"Duval"
"03/25/2024",0.5,"Duval"
"03/26/2024",0.7,"Duval"
"03/27/2024",0.8,"Duval"
"03/30/2024",0.3,"Duval"
"03/31/2024",0.2,"Duval"
"04/01/2024",0.4,"Duval"
"04/02/2024",0.3,"Duval"
"04/03/2024",0.3,"Duval"
"04/04/2024",0.2,"Duval"
"04/05/2024",0.2,"Duval"
"04/06/2024",0.2,"Duval"
"04/07/2024",0.3,"Duval"
"04/08/2024",0.2,"Duval"
"04/09/2024",0.2,"Duval"
"04/10/2024",0.2,"Duval"
"04/11/2024",0.2,"Duval"
"04/12/2024",0.2,"Duval"
"04/13/2024",0.3,"Duval"
"04/14/2024",0.4,"Duval"
"04/15/2024",0.3,"Duval"
"04/16/2024",0.4,"Duval"
"04/17/2024",0.2,"Duval"
"04/18/2024",0.3,"Duval"
"04/19/2024",0.4,"Duval"
"04/20/2024",0.2,"Duval"
"04/21/2024",0.2,"Duval"
"04/22/2024",0.1,"Duval"
"04/23/2024",0.2,"Duval"
"04/24/2024",0.5,"Duval"
"04/25/2024",0.5,"Duval"
"04/26/2024",0.2,"Duval"
"04/27/2024",0.1,"Duval"
"04/28/2024",0,"Duval"
"04/29/2024",0.2,"Duval"
"04/30/2024",0.3,"Duval"
"05/01/2024",0.3,"Duval"
"05/02/2024",0.2,"Duval"
"05/03/2024",0.2,"Duval"
"05/04/2024",0.2,"Duval"
"05/05/2024",0.1,"Duval"
"05/06/2024",0.3,"Duval"
"05/07/2024",0.2,"Duval"
"06/28/2024",0.5,"Duval"
"06/29/2024",0.5,"Duval"
"06/30/2024",0.5,"Duval"
"07/01/2024",0.8,"Duval"
"07/02/2024",0.7,"Duval"
"07/03/2024",0.9,"Duval"
"07/04/2024",1.2,"Duval"
"07/05/2024",1.2,"Duval"
"07/08/2024",0.6,"Duval"
"07/09/2024",0.7,"Duval"
"07/10/2024",0.6,"Duval"
"07/11/2024",0.6,"Duval"
"07/12/2024",0.8,"Duval"
"07/13/2024",0.8,"Duval"
"07/14/2024",0.9,"Duval"
"07/15/2024",0.9,"Duval"
"07/16/2024",1,"Duval"
"07/17/2024",1.1,"Duval"
"07/18/2024",1.1,"Duval"
"07/19/2024",0.9,"Duval"
"07/20/2024",0.9,"Duval"
"07/25/2024",0.5,"Duval"
"07/26/2024",0.6,"Duval"
"07/27/2024",0.4,"Duval"
"07/28/2024",0.4,"Duval"
"07/29/2024",0.5,"Duval"
"07/30/2024",0.6,"Duval"
"07/31/2024",0.5,"Duval"
"08/01/2024",0.5,"Duval"
"08/02/2024",0.7,"Duval"
"08/03/2024",0.7,"Duval"
"08/04/2024",0.5,"Duval"
"08/05/2024",0.4,"Duval"
"08/06/2024",0.5,"Duval"
"08/07/2024",0.6,"Duval"
"08/08/2024",0.7,"Duval"
"08/09/2024",0.7,"Duval"
"08/10/2024",0.7,"Duval"
"08/11/2024",0.7,"Duval"
"08/12/2024",0.8,"Duval"
"08/13/2024",0.8,"Duval"
"08/14/2024",0.8,"Duval"
"08/15/2024",0.6,"Duval"
"08/16/2024",0.8,"Duval"
"08/17/2024",0.9,"Duval"
"08/18/2024",0.7,"Duval"
"08/19/2024",0.7,"Duval"
"08/20/2024",0.8,"Duval"
"08/21/2024",0.4,"Duval"
"08/22/2024",0.2,"Duval"
"08/23/2024",0.2,"Duval"
"08/24/2024",0.2,"Duval"
"08/25/2024",0.1,"Duval"
"08/26/2024",0.2,"Duval"
"08/27/2024",0.2,"Duval"
"08/28/2024",0.3,"Duval"
"08/29/2024",0.2,"Duval"
"08/30/2024",0.3,"Duval"
"08/31/2024",0.2,"Duval"
"09/01/2024",0.1,"Duval"
"09/02/2024",0.2,"Duval"
"09/03/2024",0.3,"Duval"
"09/04/2024",0.1,"Duval"
"09/05/2024",0.1,"Duval"
"09/06/2024",0.2,"Duval"
"09/07/2024",0.3,"Duval"
"09/08/2024",0.2,"Duval"
"09/09/2024",0.2,"Duval"
"09/10/2024",0.2,"Duval"
"09/11/2024",0.3,"Duval"
"09/12/2024",0.4,"Duval"
"09/13/2024",0.4,"Duval"
"09/14/2024",0.3,"Duval"
"09/15/2024",0.3,"Duval"
"09/16/2024",0.5,"Duval"
"09/17/2024",0.5,"Duval"
"09/18/2024",0.5,"Duval"
"09/19/2024",0.5,"Duval"
"09/20/2024",0.7,"Duval"
"09/21/2024",0.5,"Duval"
"09/22/2024",0.5,"Duval"
"09/23/2024",0.6,"Duval"
"09/24/2024",0.7,"Duval"
"09/25/2024",0.6,"Duval"
"09/26/2024",0.6,"Duval"
"09/27/2024",0.4,"Duval"
"01/01/2024",1.3,"Hillsborough"
"01/02/2024",0.5,"Hillsborough"
"01/03/2024",0.4,"Hillsborough"
"01/04/2024",0.5,"Hillsborough"
"01/05/2024",0.4,"Hillsborough"
"01/06/2024",0.4,"Hillsborough"
"01/07/2024",0.4,"Hillsborough"
"01/08/2024",0.4,"Hillsborough"
"01/09/2024",0.3,"Hillsborough"
"01/10/2024",0.4,"Hillsborough"
"01/11/2024",0.4,"Hillsborough"
"01/12/2024",0.2,"Hillsborough"
"01/13/2024",0.5,"Hillsborough"
"01/14/2024",0.4,"Hillsborough"
"01/17/2024",0.3,"Hillsborough"
"01/18/2024",0.4,"Hillsborough"
"01/19/2024",0.3,"Hillsborough"
"01/20/2024",0.3,"Hillsborough"
"01/21/2024",0.3,"Hillsborough"
"01/22/2024",0.3,"Hillsborough"
"01/23/2024",0.3,"Hillsborough"
"01/24/2024",0.3,"Hillsborough"
"01/25/2024",0.3,"Hillsborough"
"01/26/2024",0.6,"Hillsborough"
"01/27/2024",0.7,"Hillsborough"
"01/28/2024",0.4,"Hillsborough"
"01/29/2024",0.4,"Hillsborough"
"01/30/2024",0.5,"Hillsborough"
"01/31/2024",0.5,"Hillsborough"
"02/01/2024",0.4,"Hillsborough"
"02/02/2024",0.5,"Hillsborough"
"02/03/2024",0.6,"Hillsborough"
"02/04/2024",0.5,"Hillsborough"
"02/05/2024",0.3,"Hillsborough"
"02/06/2024",0.3,"Hillsborough"
"02/07/2024",0.3,"Hillsborough"
"02/08/2024",0.3,"Hillsborough"
"02/09/2024",0.4,"Hillsborough"
"02/14/2024",0.5,"Hillsborough"
"02/15/2024",0.5,"Hillsborough"
"02/16/2024",0.5,"Hillsborough"
"02/17/2024",0.5,"Hillsborough"
"02/18/2024",0.4,"Hillsborough"
"02/19/2024",0.4,"Hillsborough"
"02/20/2024",0.4,"Hillsborough"
"02/21/2024",0.5,"Hillsborough"
"02/22/2024",0.5,"Hillsborough"
"02/23/2024",0.3,"Hillsborough"
"02/24/2024",0.5,"Hillsborough"
"02/25/2024",0.6,"Hillsborough"
"02/26/2024",0.5,"Hillsborough"
"03/04/2024",0.2,"Hillsborough"
"03/05/2024",0.2,"Hillsborough"
"03/06/2024",0.3,"Hillsborough"
"03/07/2024",0.4,"Hillsborough"
"03/19/2024",0.3,"Hillsborough"
"03/20/2024",0.4,"Hillsborough"
"03/21/2024",0.4,"Hillsborough"
"03/22/2024",0.2,"Hillsborough"
"03/23/2024",0.3,"Hillsborough"
"03/24/2024",0.3,"Hillsborough"
"03/25/2024",0.4,"Hillsborough"
"03/26/2024",0.2,"Hillsborough"
"03/27/2024",0.3,"Hillsborough"
"03/28/2024",0.3,"Hillsborough"
"03/29/2024",0.4,"Hillsborough"
"03/30/2024",0.4,"Hillsborough"
"03/31/2024",0.5,"Hillsborough"
"04/01/2024",0.2,"Hillsborough"
"04/02/2024",0.3,"Hillsborough"
"04/03/2024",0.3,"Hillsborough"
"04/04/2024",0.4,"Hillsborough"
"04/05/2024",0.4,"Hillsborough"
"04/06/2024",0.4,"Hillsborough"
"04/07/2024",0.4,"Hillsborough"
"04/08/2024",0.3,"Hillsborough"
"04/09/2024",0.2,"Hillsborough"
"04/10/2024",0.2,"Hillsborough"
"04/11/2024",0.2,"Hillsborough"
"04/12/2024",0.3,"Hillsborough"
"04/13/2024",0.3,"Hillsborough"
"04/14/2024",0.4,"Hillsborough"
"04/15/2024",0.4,"Hillsborough"
"04/16/2024",0.3,"Hillsborough"
"04/17/2024",0.2,"Hillsborough"
"04/18/2024",0.3,"Hillsborough"
"04/19/2024",0.5,"Hillsborough"
"04/20/2024",0.4,"Hillsborough"
"04/21/2024",0.3,"Hillsborough"
"04/22/2024",0.3,"Hillsborough"
"04/23/2024",0.3,"Hillsborough"
"04/24/2024",0.3,"Hillsborough"
"04/25/2024",0.5,"Hillsborough"
"04/26/2024",0.4,"Hillsborough"
"04/27/2024",0.3,"Hillsborough"
"04/28/2024",0.3,"Hillsborough"
"04/29/2024",0.3,"Hillsborough"
"04/30/2024",0.3,"Hillsborough"
"05/01/2024",0.4,"Hillsborough"
"05/02/2024",0.3,"Hillsborough"
"05/03/2024",0.3,"Hillsborough"
"05/04/2024",0.3,"Hillsborough"
"05/05/2024",0.3,"Hillsborough"
"05/06/2024",0.3,"Hillsborough"
"05/07/2024",0.3,"Hillsborough"
"05/08/2024",0.3,"Hillsborough"
"05/09/2024",0.2,"Hillsborough"
"05/10/2024",0.2,"Hillsborough"
"05/11/2024",0.3,"Hillsborough"
"05/12/2024",0.4,"Hillsborough"
"05/13/2024",0.2,"Hillsborough"
"05/14/2024",0.2,"Hillsborough"
"05/15/2024",0.3,"Hillsborough"
"05/16/2024",0.4,"Hillsborough"
"05/17/2024",0.3,"Hillsborough"
"05/18/2024",0.2,"Hillsborough"
"05/19/2024",0.3,"Hillsborough"
"05/20/2024",0.4,"Hillsborough"
"05/21/2024",0.3,"Hillsborough"
"05/22/2024",0.3,"Hillsborough"
"05/23/2024",0.3,"Hillsborough"
"05/24/2024",0.3,"Hillsborough"
"05/25/2024",0.4,"Hillsborough"
"05/26/2024",0.5,"Hillsborough"
"05/27/2024",0.3,"Hillsborough"
"05/28/2024",0.3,"Hillsborough"
"05/29/2024",0.3,"Hillsborough"
"05/30/2024",0.5,"Hillsborough"
"05/31/2024",0.3,"Hillsborough"
"06/01/2024",0.2,"Hillsborough"
"06/02/2024",0.3,"Hillsborough"
"06/03/2024",0.3,"Hillsborough"
"06/04/2024",0.4,"Hillsborough"
"06/05/2024",0.3,"Hillsborough"
"06/06/2024",0.2,"Hillsborough"
"06/07/2024",0.3,"Hillsborough"
"06/08/2024",0.3,"Hillsborough"
"06/09/2024",0.2,"Hillsborough"
"06/10/2024",0.2,"Hillsborough"
"06/11/2024",0.2,"Hillsborough"
"06/12/2024",0.2,"Hillsborough"
"06/13/2024",0.3,"Hillsborough"
"06/14/2024",0.4,"Hillsborough"
"06/15/2024",0.4,"Hillsborough"
"06/16/2024",0.3,"Hillsborough"
"06/17/2024",0.2,"Hillsborough"
"06/18/2024",0.3,"Hillsborough"
"06/19/2024",0.3,"Hillsborough"
"06/20/2024",0.3,"Hillsborough"
"06/21/2024",0.3,"Hillsborough"
"06/22/2024",0.3,"Hillsborough"
"06/23/2024",0.2,"Hillsborough"
"06/24/2024",0.2,"Hillsborough"
"06/25/2024",0.3,"Hillsborough"
"06/26/2024",0.3,"Hillsborough"
"06/27/2024",0.2,"Hillsborough"
"06/28/2024",0.2,"Hillsborough"
"06/29/2024",0.4,"Hillsborough"
"06/30/2024",0.6,"Hillsborough"
"07/01/2024",0.3,"Hillsborough"
"07/02/2024",0.2,"Hillsborough"
"07/03/2024",0.3,"Hillsborough"
"07/04/2024",0.3,"Hillsborough"
"07/05/2024",0.4,"Hillsborough"
"07/06/2024",0.5,"Hillsborough"
"07/07/2024",0.5,"Hillsborough"
"07/08/2024",0.4,"Hillsborough"
"07/09/2024",0.3,"Hillsborough"
"07/10/2024",0.3,"Hillsborough"
"07/11/2024",0.3,"Hillsborough"
"07/12/2024",0.3,"Hillsborough"
"07/13/2024",0.4,"Hillsborough"
"07/14/2024",0.3,"Hillsborough"
"07/15/2024",0.4,"Hillsborough"
"07/16/2024",0.3,"Hillsborough"
"07/17/2024",0.3,"Hillsborough"
"07/18/2024",0.3,"Hillsborough"
"07/19/2024",0.2,"Hillsborough"
"07/20/2024",0.2,"Hillsborough"
"07/21/2024",0.3,"Hillsborough"
"07/22/2024",0.4,"Hillsborough"
"07/23/2024",0.2,"Hillsborough"
"07/24/2024",0.4,"Hillsborough"
"07/25/2024",0.4,"Hillsborough"
"07/26/2024",0.4,"Hillsborough"
"07/27/2024",0.4,"Hillsborough"
"07/28/2024",0.5,"Hillsborough"
"07/29/2024",0.4,"Hillsborough"
"07/30/2024",0.4,"Hillsborough"
"07/31/2024",0.3,"Hillsborough"
"08/01/2024",0.3,"Hillsborough"
"08/02/2024",0.4,"Hillsborough"
"08/03/2024",0.3,"Hillsborough"
"08/04/2024",0.1,"Hillsborough"
"08/05/2024",0.1,"Hillsborough"
"08/06/2024",0.2,"Hillsborough"
"08/07/2024",0.3,"Hillsborough"
"08/08/2024",0.3,"Hillsborough"
"08/09/2024",0.3,"Hillsborough"
"08/10/2024",0.2,"Hillsborough"
"08/11/2024",0.2,"Hillsborough"
"08/12/2024",0.3,"Hillsborough"
"08/13/2024",0.3,"Hillsborough"
"08/14/2024",0.4,"Hillsborough"
"08/15/2024",0.4,"Hillsborough"
"08/16/2024",0.4,"Hillsborough"
"08/17/2024",0.4,"Hillsborough"
"08/18/2024",0.3,"Hillsborough"
"08/19/2024",0.4,"Hillsborough"
"08/20/2024",0.2,"Hillsborough"
"08/21/2024",0.2,"Hillsborough"
"08/22/2024",0.3,"Hillsborough"
"08/23/2024",0.4,"Hillsborough"
"08/24/2024",0.4,"Hillsborough"
"08/25/2024",0.4,"Hillsborough"
"08/26/2024",0.4,"Hillsborough"
"08/27/2024",0.4,"Hillsborough"
"08/28/2024",0.3,"Hillsborough"
"08/29/2024",0.3,"Hillsborough"
"08/30/2024",0.4,"Hillsborough"
"08/31/2024",0.4,"Hillsborough"
"09/01/2024",0.3,"Hillsborough"
"09/02/2024",0.2,"Hillsborough"
"09/03/2024",0.3,"Hillsborough"
"09/04/2024",0.3,"Hillsborough"
"09/05/2024",0.3,"Hillsborough"
"09/06/2024",0.3,"Hillsborough"
"09/07/2024",0.3,"Hillsborough"
"09/08/2024",0.3,"Hillsborough"
"09/09/2024",0.3,"Hillsborough"
"09/10/2024",0.3,"Hillsborough"
"09/11/2024",0.4,"Hillsborough"
"09/12/2024",0.3,"Hillsborough"
"09/13/2024",0.4,"Hillsborough"
"09/14/2024",0.4,"Hillsborough"
"09/15/2024",0.3,"Hillsborough"
"09/16/2024",0.4,"Hillsborough"
"09/17/2024",0.4,"Hillsborough"
"09/18/2024",0.3,"Hillsborough"
"09/19/2024",0.4,"Hillsborough"
"09/20/2024",0.5,"Hillsborough"
"09/21/2024",0.5,"Hillsborough"
"09/22/2024",0.4,"Hillsborough"
"09/23/2024",0.3,"Hillsborough"
"09/24/2024",0.2,"Hillsborough"
"09/25/2024",0.3,"Hillsborough"
"09/26/2024",0.3,"Hillsborough"
"09/27/2024",0.2,"Hillsborough"
"09/28/2024",0.2,"Hillsborough"
"09/29/2024",0.3,"Hillsborough"
"09/30/2024",0.3,"Hillsborough"
"10/01/2024",0.3,"Hillsborough"
"01/01/2024",0.7,"Hillsborough"
"01/02/2024",0.2,"Hillsborough"
"01/03/2024",0.2,"Hillsborough"
"01/04/2024",0.2,"Hillsborough"
"01/05/2024",0.2,"Hillsborough"
"01/06/2024",0.2,"Hillsborough"
"01/07/2024",0.2,"Hillsborough"
"01/08/2024",0.2,"Hillsborough"
"01/09/2024",0.1,"Hillsborough"
"01/10/2024",0.2,"Hillsborough"
"01/11/2024",0.2,"Hillsborough"
"01/12/2024",0.1,"Hillsborough"
"01/13/2024",0.2,"Hillsborough"
"01/14/2024",0.2,"Hillsborough"
"01/15/2024",0.3,"Hillsborough"
"01/16/2024",0.3,"Hillsborough"
"01/17/2024",0.2,"Hillsborough"
"01/18/2024",0.2,"Hillsborough"
"01/19/2024",0.2,"Hillsborough"
"01/20/2024",0.2,"Hillsborough"
"01/21/2024",0.2,"Hillsborough"
"01/22/2024",0.2,"Hillsborough"
"01/23/2024",0.1,"Hillsborough"
"01/24/2024",0.1,"Hillsborough"
"01/25/2024",0.2,"Hillsborough"
"01/26/2024",0.2,"Hillsborough"
"01/27/2024",0.2,"Hillsborough"
"01/28/2024",0.1,"Hillsborough"
"01/29/2024",0.2,"Hillsborough"
"01/30/2024",0.3,"Hillsborough"
"01/31/2024",0.3,"Hillsborough"
"02/01/2024",0.2,"Hillsborough"
"02/02/2024",0.3,"Hillsborough"
"02/03/2024",0.3,"Hillsborough"
"02/04/2024",0.3,"Hillsborough"
"02/05/2024",0.1,"Hillsborough"
"02/06/2024",0.1,"Hillsborough"
"02/07/2024",0.1,"Hillsborough"
"02/08/2024",0.2,"Hillsborough"
"02/09/2024",0.4,"Hillsborough"
"02/10/2024",0.3,"Hillsborough"
"02/11/2024",0.1,"Hillsborough"
"02/12/2024",0.1,"Hillsborough"
"02/13/2024",0.2,"Hillsborough"
"02/14/2024",0.3,"Hillsborough"
"02/15/2024",0.3,"Hillsborough"
"02/16/2024",0.3,"Hillsborough"
"02/17/2024",0.2,"Hillsborough"
"02/18/2024",0.1,"Hillsborough"
"02/19/2024",0.2,"Hillsborough"
"02/20/2024",0.2,"Hillsborough"
"02/21/2024",0.2,"Hillsborough"
"02/22/2024",0.2,"Hillsborough"
"02/23/2024",0.3,"Hillsborough"
"02/24/2024",0.2,"Hillsborough"
"02/25/2024",0.2,"Hillsborough"
"02/26/2024",0.3,"Hillsborough"
"02/27/2024",0.3,"Hillsborough"
"02/28/2024",0.2,"Hillsborough"
"02/29/2024",0.4,"Hillsborough"
"03/01/2024",0.4,"Hillsborough"
"03/02/2024",0.2,"Hillsborough"
"03/03/2024",0.3,"Hillsborough"
"03/04/2024",0.2,"Hillsborough"
"03/05/2024",0.1,"Hillsborough"
"03/06/2024",0.2,"Hillsborough"
"03/07/2024",0.2,"Hillsborough"
"03/08/2024",0.2,"Hillsborough"
"03/09/2024",0.1,"Hillsborough"
"03/10/2024",0.1,"Hillsborough"
"03/11/2024",0.2,"Hillsborough"
"03/12/2024",0.2,"Hillsborough"
"03/13/2024",0.3,"Hillsborough"
"03/14/2024",0.3,"Hillsborough"
"03/15/2024",0.2,"Hillsborough"
"03/16/2024",0.3,"Hillsborough"
"03/17/2024",0.2,"Hillsborough"
"03/18/2024",0.2,"Hillsborough"
"03/19/2024",0.2,"Hillsborough"
"03/20/2024",0.3,"Hillsborough"
"03/21/2024",0.2,"Hillsborough"
"03/22/2024",0.1,"Hillsborough"
"03/23/2024",0.1,"Hillsborough"
"03/24/2024",0.1,"Hillsborough"
"03/25/2024",0.1,"Hillsborough"
"03/26/2024",0.1,"Hillsborough"
"03/27/2024",0.1,"Hillsborough"
"03/28/2024",0.2,"Hillsborough"
"03/29/2024",0.2,"Hillsborough"
"03/30/2024",0.3,"Hillsborough"
"03/31/2024",0.3,"Hillsborough"
"04/01/2024",0.2,"Hillsborough"
"04/02/2024",0.2,"Hillsborough"
"04/03/2024",0.2,"Hillsborough"
"04/04/2024",0.2,"Hillsborough"
"04/05/2024",0.2,"Hillsborough"
"04/06/2024",0.2,"Hillsborough"
"04/07/2024",0.2,"Hillsborough"
"04/08/2024",0.2,"Hillsborough"
"04/09/2024",0.1,"Hillsborough"
"04/10/2024",0.1,"Hillsborough"
"04/11/2024",0.1,"Hillsborough"
"04/12/2024",0.2,"Hillsborough"
"04/13/2024",0.2,"Hillsborough"
"04/14/2024",0.3,"Hillsborough"
"04/15/2024",0.3,"Hillsborough"
"04/16/2024",0.2,"Hillsborough"
"04/17/2024",0.2,"Hillsborough"
"04/18/2024",0.2,"Hillsborough"
"04/19/2024",0.2,"Hillsborough"
"04/20/2024",0.2,"Hillsborough"
"04/21/2024",0.2,"Hillsborough"
"04/22/2024",0.2,"Hillsborough"
"04/23/2024",0.2,"Hillsborough"
"04/24/2024",0.2,"Hillsborough"
"04/25/2024",0.3,"Hillsborough"
"04/26/2024",0.2,"Hillsborough"
"04/27/2024",0.1,"Hillsborough"
"04/28/2024",0.1,"Hillsborough"
"04/29/2024",0.1,"Hillsborough"
"04/30/2024",0.2,"Hillsborough"
"05/01/2024",0.2,"Hillsborough"
"05/02/2024",0.2,"Hillsborough"
"05/03/2024",0.1,"Hillsborough"
"05/04/2024",0.1,"Hillsborough"
"05/05/2024",0.1,"Hillsborough"
"05/06/2024",0.1,"Hillsborough"
"05/07/2024",0.1,"Hillsborough"
"05/08/2024",0.2,"Hillsborough"
"05/09/2024",0.1,"Hillsborough"
"05/10/2024",0.1,"Hillsborough"
"05/11/2024",0.2,"Hillsborough"
"05/12/2024",0.3,"Hillsborough"
"05/13/2024",0.2,"Hillsborough"
"05/14/2024",0.1,"Hillsborough"
"05/15/2024",0.1,"Hillsborough"
"05/16/2024",0.2,"Hillsborough"
"05/17/2024",0.2,"Hillsborough"
"05/18/2024",0.2,"Hillsborough"
"05/19/2024",0.2,"Hillsborough"
"05/20/2024",1,"Hillsborough"
"05/21/2024",0.2,"Hillsborough"
"05/22/2024",0.2,"Hillsborough"
"05/23/2024",0.2,"Hillsborough"
"05/24/2024",0.2,"Hillsborough"
"05/25/2024",0.2,"Hillsborough"
"05/26/2024",0.3,"Hillsborough"
"05/27/2024",0.2,"Hillsborough"
"05/28/2024",0.2,"Hillsborough"
"05/29/2024",0.2,"Hillsborough"
"05/30/2024",0.3,"Hillsborough"
"05/31/2024",0.2,"Hillsborough"
"06/01/2024",0.2,"Hillsborough"
"06/02/2024",0.1,"Hillsborough"
"06/03/2024",0.2,"Hillsborough"
"06/04/2024",0.2,"Hillsborough"
"06/05/2024",0.2,"Hillsborough"
"06/06/2024",0.2,"Hillsborough"
"06/07/2024",0.2,"Hillsborough"
"06/08/2024",0.2,"Hillsborough"
"06/09/2024",0.2,"Hillsborough"
"06/10/2024",0.2,"Hillsborough"
"06/11/2024",0.1,"Hillsborough"
"06/12/2024",0.1,"Hillsborough"
"06/13/2024",0.1,"Hillsborough"
"06/14/2024",0.2,"Hillsborough"
"06/15/2024",0.2,"Hillsborough"
"06/16/2024",0.2,"Hillsborough"
"06/17/2024",0.1,"Hillsborough"
"06/18/2024",0.1,"Hillsborough"
"06/19/2024",0.1,"Hillsborough"
"06/20/2024",0.1,"Hillsborough"
"06/21/2024",0.1,"Hillsborough"
"06/22/2024",0.2,"Hillsborough"
"06/23/2024",0.1,"Hillsborough"
"06/24/2024",0.1,"Hillsborough"
"06/25/2024",0.1,"Hillsborough"
"06/26/2024",0.2,"Hillsborough"
"06/27/2024",0.1,"Hillsborough"
"06/28/2024",0.2,"Hillsborough"
"06/29/2024",0.2,"Hillsborough"
"06/30/2024",0.2,"Hillsborough"
"07/01/2024",0.2,"Hillsborough"
"07/02/2024",0.2,"Hillsborough"
"07/03/2024",0.1,"Hillsborough"
"07/04/2024",0.2,"Hillsborough"
"07/05/2024",0.2,"Hillsborough"
"07/06/2024",0.2,"Hillsborough"
"07/07/2024",0.2,"Hillsborough"
"07/08/2024",0.2,"Hillsborough"
"07/09/2024",0.2,"Hillsborough"
"07/10/2024",0.2,"Hillsborough"
"07/11/2024",0.2,"Hillsborough"
"07/12/2024",0.2,"Hillsborough"
"07/13/2024",0.2,"Hillsborough"
"07/14/2024",0.2,"Hillsborough"
"07/15/2024",0.2,"Hillsborough"
"07/16/2024",0.2,"Hillsborough"
"07/17/2024",0.2,"Hillsborough"
"07/18/2024",0.2,"Hillsborough"
"07/19/2024",0.1,"Hillsborough"
"07/20/2024",0.1,"Hillsborough"
"07/21/2024",0.1,"Hillsborough"
"07/22/2024",0.2,"Hillsborough"
"07/23/2024",0.1,"Hillsborough"
"07/24/2024",0.2,"Hillsborough"
"07/25/2024",0.2,"Hillsborough"
"07/26/2024",0.2,"Hillsborough"
"07/27/2024",0.2,"Hillsborough"
"07/28/2024",0.2,"Hillsborough"
"07/29/2024",0.2,"Hillsborough"
"07/30/2024",0.2,"Hillsborough"
"07/31/2024",0.2,"Hillsborough"
"08/01/2024",0.2,"Hillsborough"
"08/02/2024",0.2,"Hillsborough"
"08/03/2024",0.2,"Hillsborough"
"08/04/2024",0.1,"Hillsborough"
"08/05/2024",0.1,"Hillsborough"
"08/06/2024",0.1,"Hillsborough"
"08/07/2024",0.2,"Hillsborough"
"08/08/2024",0.3,"Hillsborough"
"08/09/2024",0.2,"Hillsborough"
"08/10/2024",0.1,"Hillsborough"
"08/11/2024",0.1,"Hillsborough"
"08/12/2024",0.1,"Hillsborough"
"08/13/2024",0.2,"Hillsborough"
"08/14/2024",0.3,"Hillsborough"
"08/15/2024",0.3,"Hillsborough"
"08/16/2024",0.2,"Hillsborough"
"08/17/2024",0.3,"Hillsborough"
"08/18/2024",0.2,"Hillsborough"
"08/19/2024",0.3,"Hillsborough"
"08/20/2024",0.2,"Hillsborough"
"08/21/2024",0.2,"Hillsborough"
"08/22/2024",0.2,"Hillsborough"
"08/23/2024",0.2,"Hillsborough"
"08/24/2024",0.1,"Hillsborough"
"08/25/2024",0.2,"Hillsborough"
"08/26/2024",0.2,"Hillsborough"
"08/27/2024",0.2,"Hillsborough"
"08/28/2024",0.1,"Hillsborough"
"08/29/2024",0.2,"Hillsborough"
"08/30/2024",0.2,"Hillsborough"
"08/31/2024",0.2,"Hillsborough"
"09/01/2024",0.1,"Hillsborough"
"09/02/2024",0.1,"Hillsborough"
"09/03/2024",0.1,"Hillsborough"
"09/04/2024",0.1,"Hillsborough"
"09/05/2024",0.1,"Hillsborough"
"09/06/2024",0.2,"Hillsborough"
"09/07/2024",0.1,"Hillsborough"
"09/08/2024",0.1,"Hillsborough"
"09/09/2024",0.1,"Hillsborough"
"09/10/2024",0.1,"Hillsborough"
"09/11/2024",0.2,"Hillsborough"
"09/12/2024",0.2,"Hillsborough"
"09/13/2024",0.2,"Hillsborough"
"09/14/2024",0.2,"Hillsborough"
"09/15/2024",0.1,"Hillsborough"
"09/16/2024",0.2,"Hillsborough"
"09/17/2024",0.2,"Hillsborough"
"09/18/2024",0.2,"Hillsborough"
"09/19/2024",0.3,"Hillsborough"
"09/20/2024",0.2,"Hillsborough"
"09/21/2024",0.2,"Hillsborough"
"09/22/2024",0.2,"Hillsborough"
"09/23/2024",0.2,"Hillsborough"
"09/24/2024",0.1,"Hillsborough"
"09/25/2024",0.2,"Hillsborough"
"09/26/2024",0.6,"Hillsborough"
"09/27/2024",0.6,"Hillsborough"
"09/28/2024",0.2,"Hillsborough"
"09/29/2024",0.2,"Hillsborough"
"09/30/2024",0.2,"Hillsborough"
"10/01/2024",0.2,"Hillsborough"
"01/01/2024",0.8,"Miami-Dade"
"01/02/2024",0.4,"Miami-Dade"
"01/03/2024",0.4,"Miami-Dade"
"01/04/2024",0.4,"Miami-Dade"
"01/05/2024",0.3,"Miami-Dade"
"01/06/2024",0.3,"Miami-Dade"
"01/07/2024",0.2,"Miami-Dade"
"01/08/2024",0.2,"Miami-Dade"
"01/09/2024",0.2,"Miami-Dade"
"01/10/2024",0.4,"Miami-Dade"
"01/11/2024",0.3,"Miami-Dade"
"01/12/2024",0.3,"Miami-Dade"
"01/13/2024",0.3,"Miami-Dade"
"01/14/2024",0.2,"Miami-Dade"
"01/15/2024",0.2,"Miami-Dade"
"01/16/2024",0.3,"Miami-Dade"
"01/17/2024",0.2,"Miami-Dade"
"01/18/2024",0.4,"Miami-Dade"
"01/19/2024",0.4,"Miami-Dade"
"01/20/2024",0.2,"Miami-Dade"
"01/21/2024",0.2,"Miami-Dade"
"01/22/2024",0.3,"Miami-Dade"
"01/23/2024",0.3,"Miami-Dade"
"01/24/2024",0.3,"Miami-Dade"
"01/25/2024",0.3,"Miami-Dade"
"01/26/2024",0.3,"Miami-Dade"
"01/27/2024",0.3,"Miami-Dade"
"01/28/2024",0.3,"Miami-Dade"
"01/29/2024",0.2,"Miami-Dade"
"01/30/2024",0.2,"Miami-Dade"
"01/31/2024",0.2,"Miami-Dade"
"02/01/2024",0.3,"Miami-Dade"
"02/02/2024",0.4,"Miami-Dade"
"02/03/2024",0.4,"Miami-Dade"
"02/04/2024",0.3,"Miami-Dade"
"02/05/2024",0.5,"Miami-Dade"
"02/06/2024",0.3,"Miami-Dade"
"02/07/2024",0.2,"Miami-Dade"
"02/08/2024",0.3,"Miami-Dade"
"02/09/2024",0.4,"Miami-Dade"
"02/10/2024",0.4,"Miami-Dade"
"02/11/2024",0.2,"Miami-Dade"
"02/12/2024",0.2,"Miami-Dade"
"02/13/2024",0.2,"Miami-Dade"
"02/14/2024",0.2,"Miami-Dade"
"02/15/2024",0.3,"Miami-Dade"
"02/16/2024",0.4,"Miami-Dade"
"02/17/2024",0.4,"Miami-Dade"
"02/18/2024",0.4,"Miami-Dade"
"02/19/2024",0.1,"Miami-Dade"
"02/20/2024",0,"Miami-Dade"
"02/21/2024",0,"Miami-Dade"
"02/22/2024",0.3,"Miami-Dade"
"02/23/2024",0.3,"Miami-Dade"
"02/24/2024",0.1,"Miami-Dade"
"02/25/2024",0.3,"Miami-Dade"
"02/26/2024",0.3,"Miami-Dade"
"02/27/2024",0.4,"Miami-Dade"
"02/28/2024",0.2,"Miami-Dade"
"02/29/2024",0.5,"Miami-Dade"
"03/12/2024",0.4,"Miami-Dade"
"03/13/2024",0.7,"Miami-Dade"
"03/14/2024",0.5,"Miami-Dade"
"03/15/2024",0.4,"Miami-Dade"
"03/16/2024",0.4,"Miami-Dade"
"03/17/2024",0.4,"Miami-Dade"
"03/18/2024",0.4,"Miami-Dade"
"03/19/2024",0.3,"Miami-Dade"
"03/20/2024",0.5,"Miami-Dade"
"03/21/2024",0.6,"Miami-Dade"
"03/22/2024",0.4,"Miami-Dade"
"03/23/2024",0.5,"Miami-Dade"
"03/24/2024",0.4,"Miami-Dade"
"03/25/2024",0.4,"Miami-Dade"
"03/26/2024",0.4,"Miami-Dade"
"03/27/2024",0.4,"Miami-Dade"
"03/28/2024",0.4,"Miami-Dade"
"03/29/2024",0.4,"Miami-Dade"
"03/30/2024",0.5,"Miami-Dade"
"03/31/2024",0.4,"Miami-Dade"
"04/01/2024",0.4,"Miami-Dade"
"04/02/2024",0.4,"Miami-Dade"
"04/03/2024",0.4,"Miami-Dade"
"04/04/2024",0.3,"Miami-Dade"
"04/05/2024",0.3,"Miami-Dade"
"04/06/2024",0.3,"Miami-Dade"
"04/07/2024",0.4,"Miami-Dade"
"04/08/2024",0.3,"Miami-Dade"
"04/09/2024",0.4,"Miami-Dade"
"04/10/2024",0.4,"Miami-Dade"
"04/11/2024",0.4,"Miami-Dade"
"04/12/2024",0.5,"Miami-Dade"
"04/13/2024",0.4,"Miami-Dade"
"04/14/2024",0.3,"Miami-Dade"
"04/15/2024",0.5,"Miami-Dade"
"04/16/2024",0.4,"Miami-Dade"
"04/17/2024",0.4,"Miami-Dade"
"04/18/2024",0.5,"Miami-Dade"
"04/19/2024",0.5,"Miami-Dade"
"04/20/2024",0.5,"Miami-Dade"
"04/21/2024",0.4,"Miami-Dade"
"04/22/2024",0.5,"Miami-Dade"
"04/23/2024",0.3,"Miami-Dade"
"04/24/2024",0.3,"Miami-Dade"
"04/25/2024",0.5,"Miami-Dade"
"04/26/2024",0.5,"Miami-Dade"
"04/27/2024",0.3,"Miami-Dade"
"04/28/2024",0.3,"Miami-Dade"
"04/29/2024",0.4,"Miami-Dade"
"04/30/2024",0.4,"Miami-Dade"
"05/01/2024",0.5,"Miami-Dade"
"05/02/2024",0.5,"Miami-Dade"
"05/03/2024",0.4,"Miami-Dade"
"05/04/2024",0.5,"Miami-Dade"
"05/05/2024",0.4,"Miami-Dade"
"05/06/2024",0.5,"Miami-Dade"
"05/07/2024",0.5,"Miami-Dade"
"05/08/2024",0.5,"Miami-Dade"
"05/09/2024",0.4,"Miami-Dade"
"05/10/2024",0.5,"Miami-Dade"
"05/11/2024",0.4,"Miami-Dade"
"05/12/2024",0.5,"Miami-Dade"
"05/13/2024",0.5,"Miami-Dade"
"05/14/2024",0.4,"Miami-Dade"
"05/15/2024",0.5,"Miami-Dade"
"05/16/2024",0.5,"Miami-Dade"
"05/17/2024",0.5,"Miami-Dade"
"05/18/2024",0.5,"Miami-Dade"
"05/19/2024",0.5,"Miami-Dade"
"05/20/2024",0.4,"Miami-Dade"
"05/21/2024",0.7,"Miami-Dade"
"05/22/2024",0.7,"Miami-Dade"
"05/23/2024",0.4,"Miami-Dade"
"05/24/2024",0.4,"Miami-Dade"
"05/25/2024",0.4,"Miami-Dade"
"05/26/2024",0.4,"Miami-Dade"
"05/27/2024",0.4,"Miami-Dade"
"05/28/2024",0.5,"Miami-Dade"
"05/29/2024",0.4,"Miami-Dade"
"05/30/2024",0.6,"Miami-Dade"
"05/31/2024",0.4,"Miami-Dade"
"06/01/2024",0.2,"Miami-Dade"
"06/02/2024",0.4,"Miami-Dade"
"06/03/2024",0.4,"Miami-Dade"
"06/04/2024",0.3,"Miami-Dade"
"06/05/2024",0.4,"Miami-Dade"
"06/06/2024",0.4,"Miami-Dade"
"06/07/2024",0.6,"Miami-Dade"
"06/08/2024",0.6,"Miami-Dade"
"06/09/2024",0.4,"Miami-Dade"
"06/10/2024",0.5,"Miami-Dade"
"06/13/2024",0.2,"Miami-Dade"
"06/14/2024",0.4,"Miami-Dade"
"06/15/2024",0.5,"Miami-Dade"
"06/16/2024",0.4,"Miami-Dade"
"06/17/2024",0.3,"Miami-Dade"
"06/18/2024",0.3,"Miami-Dade"
"06/19/2024",0.4,"Miami-Dade"
"06/20/2024",0.4,"Miami-Dade"
"06/21/2024",0.6,"Miami-Dade"
"06/22/2024",0.5,"Miami-Dade"
"06/23/2024",0.6,"Miami-Dade"
"06/24/2024",0.7,"Miami-Dade"
"06/25/2024",0.7,"Miami-Dade"
"06/26/2024",0.6,"Miami-Dade"
"07/12/2024",0,"Miami-Dade"
"07/13/2024",0,"Miami-Dade"
"07/14/2024",-0.1,"Miami-Dade"
"07/15/2024",0,"Miami-Dade"
"07/16/2024",-0.1,"Miami-Dade"
"07/17/2024",-0.1,"Miami-Dade"
"07/18/2024",-0.1,"Miami-Dade"
"07/19/2024",0,"Miami-Dade"
"07/20/2024",0.1,"Miami-Dade"
"07/21/2024",0,"Miami-Dade"
"07/22/2024",0.1,"Miami-Dade"
"07/23/2024",0.1,"Miami-Dade"
"07/24/2024",0,"Miami-Dade"
"07/25/2024",0.1,"Miami-Dade"
"07/26/2024",0.1,"Miami-Dade"
"07/27/2024",0,"Miami-Dade"
"07/28/2024",0,"Miami-Dade"
"07/29/2024",0.2,"Miami-Dade"
"07/30/2024",0.1,"Miami-Dade"
"07/31/2024",0.1,"Miami-Dade"
"08/01/2024",0.1,"Miami-Dade"
"08/02/2024",0,"Miami-Dade"
"08/03/2024",0,"Miami-Dade"
"08/04/2024",-0.1,"Miami-Dade"
"08/05/2024",0,"Miami-Dade"
"08/06/2024",0,"Miami-Dade"
"08/07/2024",0,"Miami-Dade"
"08/08/2024",0.1,"Miami-Dade"
"08/09/2024",0.2,"Miami-Dade"
"08/10/2024",0.1,"Miami-Dade"
"08/11/2024",0,"Miami-Dade"
"08/12/2024",0,"Miami-Dade"
"08/13/2024",0,"Miami-Dade"
"08/14/2024",0.1,"Miami-Dade"
"08/15/2024",0.2,"Miami-Dade"
"08/16/2024",0.2,"Miami-Dade"
"08/17/2024",0.1,"Miami-Dade"
"08/18/2024",0.1,"Miami-Dade"
"08/19/2024",0.2,"Miami-Dade"
"08/20/2024",0.1,"Miami-Dade"
"08/21/2024",0.5,"Miami-Dade"
"08/22/2024",0.5,"Miami-Dade"
"08/23/2024",0.1,"Miami-Dade"
"08/24/2024",0.2,"Miami-Dade"
"08/25/2024",0.4,"Miami-Dade"
"08/26/2024",0.1,"Miami-Dade"
"08/27/2024",0.1,"Miami-Dade"
"08/28/2024",0.1,"Miami-Dade"
"08/29/2024",0.2,"Miami-Dade"
"08/30/2024",0.1,"Miami-Dade"
"08/31/2024",0.1,"Miami-Dade"
"09/01/2024",0,"Miami-Dade"
"09/02/2024",0,"Miami-Dade"
"09/03/2024",0.1,"Miami-Dade"
"09/04/2024",0.2,"Miami-Dade"
"09/05/2024",0.1,"Miami-Dade"
"09/06/2024",0.1,"Miami-Dade"
"09/07/2024",0.1,"Miami-Dade"
"09/08/2024",0,"Miami-Dade"
"09/09/2024",0.1,"Miami-Dade"
"09/10/2024",0.1,"Miami-Dade"
"09/11/2024",0.2,"Miami-Dade"
"09/12/2024",0.3,"Miami-Dade"
"09/13/2024",0.2,"Miami-Dade"
"09/14/2024",0.3,"Miami-Dade"
"09/15/2024",0.2,"Miami-Dade"
"09/16/2024",0.2,"Miami-Dade"
"09/17/2024",0.3,"Miami-Dade"
"09/18/2024",0.2,"Miami-Dade"
"09/19/2024",0.2,"Miami-Dade"
"09/20/2024",0.2,"Miami-Dade"
"09/21/2024",0,"Miami-Dade"
"09/22/2024",0,"Miami-Dade"
"09/23/2024",0.1,"Miami-Dade"
"09/24/2024",0.1,"Miami-Dade"
"09/25/2024",0.1,"Miami-Dade"
"09/26/2024",0,"Miami-Dade"
"09/27/2024",0,"Miami-Dade"
"09/28/2024",0.1,"Miami-Dade"
"09/29/2024",0.1,"Miami-Dade"
"09/30/2024",0.2,"Miami-Dade"
"10/01/2024",0,"Miami-Dade"
"07/25/2024",0.7,"Orange"
"07/26/2024",0.7,"Orange"
"07/27/2024",0.8,"Orange"
"07/28/2024",0.7,"Orange"
"07/29/2024",0.8,"Orange"
"07/30/2024",0.8,"Orange"
"07/31/2024",0.9,"Orange"
"08/01/2024",0.8,"Orange"
"08/02/2024",0.9,"Orange"
"08/03/2024",0.9,"Orange"
"08/04/2024",0.8,"Orange"
"08/05/2024",0.6,"Orange"
"08/06/2024",0.6,"Orange"
"08/07/2024",0.5,"Orange"
"08/08/2024",0.5,"Orange"
"08/09/2024",0.7,"Orange"
"08/10/2024",0.7,"Orange"
"08/11/2024",0.7,"Orange"
"08/12/2024",0.7,"Orange"
"08/13/2024",0.7,"Orange"
"08/14/2024",0.7,"Orange"
"08/15/2024",0.7,"Orange"
"08/16/2024",0.8,"Orange"
"08/17/2024",0.8,"Orange"
"08/18/2024",0.9,"Orange"
"08/19/2024",0.7,"Orange"
"08/20/2024",0.7,"Orange"
"08/21/2024",0.8,"Orange"
"08/22/2024",0.8,"Orange"
"08/23/2024",0.7,"Orange"
"08/24/2024",0.7,"Orange"
"08/25/2024",0.8,"Orange"
"08/26/2024",0.8,"Orange"
"08/27/2024",0.7,"Orange"
"08/28/2024",0.7,"Orange"
"08/29/2024",0.7,"Orange"
"08/30/2024",0.7,"Orange"
"08/31/2024",0.7,"Orange"
"09/01/2024",0.7,"Orange"
"09/02/2024",0.6,"Orange"
"09/03/2024",0.6,"Orange"
"09/04/2024",0.6,"Orange"
"09/05/2024",0.6,"Orange"
"09/06/2024",0.6,"Orange"
"09/07/2024",0.5,"Orange"
"09/08/2024",0.5,"Orange"
"09/09/2024",0.5,"Orange"
"09/10/2024",0.5,"Orange"
"09/11/2024",0.7,"Orange"
"09/12/2024",0.6,"Orange"
"09/13/2024",0.8,"Orange"
"09/14/2024",0.7,"Orange"
"09/15/2024",0.7,"Orange"
"09/16/2024",0.6,"Orange"
"09/17/2024",0.5,"Orange"
"09/25/2024",0.7,"Orange"
"09/26/2024",0.7,"Orange"
"09/27/2024",0.9,"Orange"
"09/28/2024",1.1,"Orange"
"09/29/2024",1,"Orange"
"09/30/2024",0.8,"Orange"
"10/01/2024",0.7,"Orange"
"07/25/2024",0.5,"Orange"
"07/26/2024",0.6,"Orange"
"07/27/2024",0.7,"Orange"
"07/28/2024",0.7,"Orange"
"07/29/2024",0.7,"Orange"
"07/30/2024",0.7,"Orange"
"07/31/2024",0.7,"Orange"
"08/01/2024",0.8,"Orange"
"08/02/2024",0.8,"Orange"
"08/03/2024",0.6,"Orange"
"08/04/2024",0.6,"Orange"
"08/05/2024",0.6,"Orange"
"08/06/2024",0.7,"Orange"
"08/07/2024",0.6,"Orange"
"08/08/2024",0.7,"Orange"
"08/09/2024",0.7,"Orange"
"08/10/2024",0.6,"Orange"
"08/11/2024",0.5,"Orange"
"08/12/2024",0.7,"Orange"
"08/13/2024",0.7,"Orange"
"08/14/2024",0.7,"Orange"
"08/15/2024",0.5,"Orange"
"08/16/2024",0.5,"Orange"
"08/17/2024",0.6,"Orange"
"08/18/2024",0.6,"Orange"
"08/19/2024",0.6,"Orange"
"08/20/2024",0.6,"Orange"
"08/21/2024",0.7,"Orange"
"08/22/2024",0.6,"Orange"
"08/23/2024",0.6,"Orange"
"08/24/2024",0.6,"Orange"
"08/26/2024",0.4,"Orange"
"08/27/2024",0.4,"Orange"
"08/28/2024",0.5,"Orange"
"08/29/2024",0.4,"Orange"
"08/30/2024",0.4,"Orange"
"08/31/2024",0.3,"Orange"
"09/01/2024",0.4,"Orange"
"09/02/2024",0.4,"Orange"
"09/03/2024",0.4,"Orange"
"09/04/2024",0.4,"Orange"
"09/05/2024",0.4,"Orange"
"09/06/2024",0.4,"Orange"
"09/07/2024",0.5,"Orange"
"09/08/2024",0.4,"Orange"
"09/09/2024",0.4,"Orange"
"09/10/2024",0.4,"Orange"
"09/11/2024",0.4,"Orange"
"09/12/2024",0.4,"Orange"
"09/13/2024",0.6,"Orange"
"09/14/2024",0.6,"Orange"
"09/15/2024",0.4,"Orange"
"09/16/2024",0.4,"Orange"
"09/17/2024",0.4,"Orange"
"09/18/2024",0.5,"Orange"
"09/19/2024",0.6,"Orange"
"09/20/2024",0.5,"Orange"
"09/21/2024",0.4,"Orange"
"09/22/2024",0.4,"Orange"
"09/23/2024",0.4,"Orange"
"09/24/2024",0.4,"Orange"
"09/25/2024",0.3,"Orange"
"09/26/2024",0.3,"Orange"
"09/27/2024",0.4,"Orange"
"09/28/2024",0.5,"Orange"
"09/29/2024",0.5,"Orange"
"09/30/2024",0.6,"Orange"
"10/01/2024",0.4,"Orange"
"01/01/2024",1.1,"Orange"
"01/02/2024",0.3,"Orange"
"01/03/2024",0.4,"Orange"
"01/04/2024",0.4,"Orange"
"01/05/2024",0.3,"Orange"
"01/06/2024",0.3,"Orange"
"01/07/2024",0.3,"Orange"
"01/08/2024",0.3,"Orange"
"01/09/2024",0.2,"Orange"
"01/10/2024",0.3,"Orange"
"01/11/2024",0.3,"Orange"
"01/12/2024",0.3,"Orange"
"01/13/2024",0.2,"Orange"
"01/14/2024",0.3,"Orange"
"01/15/2024",0.4,"Orange"
"01/16/2024",0.4,"Orange"
"01/17/2024",0.2,"Orange"
"01/18/2024",0.3,"Orange"
"01/19/2024",0.4,"Orange"
"01/20/2024",0.4,"Orange"
"01/21/2024",0.2,"Orange"
"01/22/2024",0.3,"Orange"
"01/23/2024",0.2,"Orange"
"01/24/2024",0.2,"Orange"
"01/25/2024",0.2,"Orange"
"01/26/2024",0.4,"Orange"
"01/27/2024",0.4,"Orange"
"01/28/2024",0.2,"Orange"
"01/29/2024",0.2,"Orange"
"01/30/2024",0.3,"Orange"
"01/31/2024",0.2,"Orange"
"02/01/2024",0.2,"Orange"
"02/02/2024",0.4,"Orange"
"02/03/2024",0.3,"Orange"
"02/04/2024",0.2,"Orange"
"02/05/2024",0.2,"Orange"
"02/06/2024",0.1,"Orange"
"02/07/2024",0.1,"Orange"
"02/08/2024",0.2,"Orange"
"02/09/2024",0.3,"Orange"
"02/10/2024",0.2,"Orange"
"02/11/2024",0.2,"Orange"
"02/12/2024",0.2,"Orange"
"02/13/2024",0.1,"Orange"
"02/14/2024",0.2,"Orange"
"02/15/2024",0.3,"Orange"
"02/16/2024",0.4,"Orange"
"02/17/2024",0.3,"Orange"
"02/18/2024",0.2,"Orange"
"02/19/2024",0.2,"Orange"
"02/20/2024",0.3,"Orange"
"02/21/2024",0.2,"Orange"
"02/22/2024",0.2,"Orange"
"02/23/2024",0.2,"Orange"
"02/24/2024",0.1,"Orange"
"02/25/2024",0.1,"Orange"
"02/26/2024",0.2,"Orange"
"02/27/2024",0.2,"Orange"
"02/28/2024",0.2,"Orange"
"02/29/2024",0.2,"Orange"
"03/01/2024",0.1,"Orange"
"03/02/2024",0.1,"Orange"
"03/03/2024",0.1,"Orange"
"03/04/2024",0,"Orange"
"03/05/2024",0,"Orange"
"03/06/2024",0.2,"Orange"
"03/07/2024",0.2,"Orange"
"03/08/2024",0.2,"Orange"
"03/09/2024",0.2,"Orange"
"03/10/2024",0.2,"Orange"
"03/11/2024",0.1,"Orange"
"03/12/2024",0.2,"Orange"
"03/13/2024",0.2,"Orange"
"03/14/2024",0.2,"Orange"
"03/15/2024",0.2,"Orange"
"03/16/2024",0.2,"Orange"
"03/17/2024",0.2,"Orange"
"03/18/2024",0.2,"Orange"
"03/19/2024",0.1,"Orange"
"03/20/2024",0.4,"Orange"
"03/21/2024",0.4,"Orange"
"03/22/2024",0.4,"Orange"
"03/23/2024",0.4,"Orange"
"03/24/2024",0.3,"Orange"
"03/25/2024",0.3,"Orange"
"03/26/2024",0.3,"Orange"
"03/27/2024",0.3,"Orange"
"03/28/2024",0.4,"Orange"
"03/29/2024",0.3,"Orange"
"03/30/2024",0.3,"Orange"
"03/31/2024",0.4,"Orange"
"04/01/2024",0.3,"Orange"
"04/02/2024",0.3,"Orange"
"04/03/2024",0.3,"Orange"
"04/04/2024",0.3,"Orange"
"04/05/2024",0.3,"Orange"
"04/06/2024",0.3,"Orange"
"04/07/2024",0.3,"Orange"
"04/08/2024",0.3,"Orange"
"04/09/2024",0.3,"Orange"
"04/10/2024",0.3,"Orange"
"04/11/2024",0.3,"Orange"
"04/12/2024",0.3,"Orange"
"04/13/2024",0.3,"Orange"
"04/14/2024",0.4,"Orange"
"04/15/2024",0.4,"Orange"
"04/16/2024",0.3,"Orange"
"04/17/2024",0.3,"Orange"
"04/18/2024",0.3,"Orange"
"04/19/2024",0.4,"Orange"
"04/20/2024",0.3,"Orange"
"04/21/2024",0.3,"Orange"
"04/22/2024",0.3,"Orange"
"04/23/2024",0.3,"Orange"
"04/24/2024",0.3,"Orange"
"04/25/2024",0.4,"Orange"
"04/26/2024",0.3,"Orange"
"04/27/2024",0.3,"Orange"
"04/28/2024",0.2,"Orange"
"04/29/2024",0.2,"Orange"
"04/30/2024",0.3,"Orange"
"05/01/2024",0.3,"Orange"
"05/02/2024",0.3,"Orange"
"05/03/2024",0.3,"Orange"
"05/04/2024",0.3,"Orange"
"05/05/2024",0.3,"Orange"
"05/06/2024",0.3,"Orange"
"05/07/2024",0.3,"Orange"
"05/08/2024",0.4,"Orange"
"05/09/2024",0.4,"Orange"
"05/10/2024",0.4,"Orange"
"05/11/2024",0.4,"Orange"
"05/12/2024",0.3,"Orange"
"05/13/2024",0.3,"Orange"
"05/14/2024",0.3,"Orange"
"05/15/2024",0.4,"Orange"
"05/16/2024",0.4,"Orange"
"05/17/2024",0.5,"Orange"
"05/18/2024",0.4,"Orange"
"05/19/2024",0.3,"Orange"
"05/20/2024",0.3,"Orange"
"05/21/2024",0.3,"Orange"
"05/22/2024",0.5,"Orange"
"05/23/2024",0.3,"Orange"
"05/24/2024",0.3,"Orange"
"05/25/2024",0.3,"Orange"
"05/26/2024",0.4,"Orange"
"05/27/2024",0.3,"Orange"
"05/28/2024",0.3,"Orange"
"05/29/2024",0.3,"Orange"
"06/12/2024",0.3,"Orange"
"06/13/2024",0.4,"Orange"
"06/14/2024",0.4,"Orange"
"06/15/2024",0.3,"Orange"
"06/16/2024",0.4,"Orange"
"06/17/2024",0.3,"Orange"
"06/18/2024",0.2,"Orange"
"06/19/2024",0.4,"Orange"
"06/20/2024",0.4,"Orange"
"06/21/2024",0.5,"Orange"
"06/22/2024",0.5,"Orange"
"06/23/2024",0.5,"Orange"
"06/24/2024",0.5,"Orange"
"06/25/2024",0.6,"Orange"
"06/26/2024",0.6,"Orange"
"06/27/2024",0.6,"Orange"
"06/28/2024",0.6,"Orange"
"06/29/2024",0.5,"Orange"
"06/30/2024",0.5,"Orange"
"07/01/2024",0.5,"Orange"
"07/02/2024",0.5,"Orange"
"07/03/2024",0.4,"Orange"
"07/04/2024",0.4,"Orange"
"07/05/2024",0.4,"Orange"
"07/06/2024",0.4,"Orange"
"07/07/2024",0.4,"Orange"
"07/08/2024",0.5,"Orange"
"07/09/2024",0.6,"Orange"
"07/10/2024",0.7,"Orange"
"07/11/2024",0.6,"Orange"
"07/12/2024",0.7,"Orange"
"07/13/2024",0.7,"Orange"
"07/14/2024",0.7,"Orange"
"07/15/2024",0.7,"Orange"
"07/16/2024",0.8,"Orange"
"07/17/2024",0.8,"Orange"
"07/18/2024",0.4,"Orange"
"07/19/2024",0.4,"Orange"
"07/20/2024",0.5,"Orange"
"07/21/2024",0.5,"Orange"
"07/22/2024",0.5,"Orange"
"07/23/2024",0.6,"Orange"
"07/24/2024",0.6,"Orange"
"07/25/2024",0.7,"Orange"
"07/26/2024",0.6,"Orange"
"07/27/2024",0.5,"Orange"
"07/28/2024",0.5,"Orange"
"07/29/2024",0.6,"Orange"
"07/30/2024",0.7,"Orange"
"07/31/2024",0.7,"Orange"
"08/01/2024",0.8,"Orange"
"08/02/2024",0.8,"Orange"
"08/03/2024",0.7,"Orange"
"08/04/2024",0.6,"Orange"
"08/05/2024",0.7,"Orange"
"08/06/2024",0.7,"Orange"
"08/07/2024",0.3,"Orange"
"08/08/2024",0.3,"Orange"
"08/09/2024",0.3,"Orange"
"08/10/2024",0.3,"Orange"
"08/11/2024",0.2,"Orange"
"08/12/2024",0.3,"Orange"
"08/13/2024",0.3,"Orange"
"08/14/2024",0.4,"Orange"
"08/15/2024",0.3,"Orange"
"08/16/2024",0.3,"Orange"
"08/17/2024",0.3,"Orange"
"08/18/2024",0.3,"Orange"
"08/19/2024",0.4,"Orange"
"08/20/2024",0.3,"Orange"
"08/21/2024",0.4,"Orange"
"08/22/2024",0.4,"Orange"
"08/23/2024",0.3,"Orange"
"08/24/2024",0.3,"Orange"
"08/25/2024",0.3,"Orange"
"08/26/2024",0.4,"Orange"
"08/27/2024",0.4,"Orange"
"08/28/2024",0.3,"Orange"
"08/29/2024",0.3,"Orange"
"08/30/2024",0.4,"Orange"
"08/31/2024",0.3,"Orange"
"09/01/2024",0.4,"Orange"
"09/02/2024",0.4,"Orange"
"09/03/2024",0.4,"Orange"
"09/04/2024",0.5,"Orange"
"09/05/2024",0.5,"Orange"
"09/06/2024",0.5,"Orange"
"09/07/2024",0.5,"Orange"
"09/08/2024",0.5,"Orange"
"09/09/2024",0.5,"Orange"
"09/10/2024",0.5,"Orange"
"09/11/2024",0.2,"Orange"
"09/12/2024",0.2,"Orange"
"09/13/2024",0.3,"Orange"
"09/14/2024",0.3,"Orange"
"09/15/2024",0.3,"Orange"
"09/16/2024",0.3,"Orange"
"09/17/2024",0.4,"Orange"
"09/18/2024",0.5,"Orange"
"09/19/2024",0.5,"Orange"
"09/20/2024",0.4,"Orange"
"09/21/2024",0.4,"Orange"
"09/22/2024",0.4,"Orange"
"09/23/2024",0.4,"Orange"
"09/24/2024",0.5,"Orange"
"09/25/2024",0.4,"Orange"
"09/26/2024",0.4,"Orange"
"09/27/2024",0.5,"Orange"
"09/28/2024",0.5,"Orange"
"09/29/2024",0.7,"Orange"
"09/30/2024",0.7,"Orange"
"10/01/2024",0.7,"Orange"
"01/01/2024",1.1,"Pinellas"
"01/02/2024",0.3,"Pinellas"
"01/03/2024",0.4,"Pinellas"
"01/04/2024",0.3,"Pinellas"
"01/05/2024",0.3,"Pinellas"
"01/06/2024",0.2,"Pinellas"
"01/07/2024",0.2,"Pinellas"
"01/08/2024",0.3,"Pinellas"
"01/09/2024",0.2,"Pinellas"
"01/10/2024",0.3,"Pinellas"
"01/11/2024",0.5,"Pinellas"
"01/12/2024",0.3,"Pinellas"
"01/13/2024",0.2,"Pinellas"
"01/14/2024",0.3,"Pinellas"
"01/15/2024",0.5,"Pinellas"
"01/16/2024",0.5,"Pinellas"
"01/17/2024",0.3,"Pinellas"
"01/18/2024",0.3,"Pinellas"
"01/19/2024",0.3,"Pinellas"
"01/20/2024",0.2,"Pinellas"
"01/21/2024",0.2,"Pinellas"
"01/22/2024",0.3,"Pinellas"
"01/23/2024",0.3,"Pinellas"
"01/24/2024",0.3,"Pinellas"
"01/25/2024",0.3,"Pinellas"
"01/26/2024",0.4,"Pinellas"
"01/27/2024",0.5,"Pinellas"
"01/28/2024",0.3,"Pinellas"
"01/29/2024",0.2,"Pinellas"
"01/30/2024",0.4,"Pinellas"
"01/31/2024",0.4,"Pinellas"
"02/01/2024",0.3,"Pinellas"
"02/02/2024",0.3,"Pinellas"
"02/03/2024",0.6,"Pinellas"
"02/04/2024",0.5,"Pinellas"
"02/05/2024",0.3,"Pinellas"
"02/06/2024",0.2,"Pinellas"
"02/07/2024",0.2,"Pinellas"
"02/08/2024",0.3,"Pinellas"
"02/09/2024",0.3,"Pinellas"
"02/10/2024",0.4,"Pinellas"
"02/11/2024",0.3,"Pinellas"
"02/12/2024",0.3,"Pinellas"
"02/13/2024",0.1,"Pinellas"
"02/14/2024",0.2,"Pinellas"
"02/15/2024",0.3,"Pinellas"
"02/16/2024",0.4,"Pinellas"
"02/17/2024",0.3,"Pinellas"
"02/18/2024",0.1,"Pinellas"
"02/19/2024",0.2,"Pinellas"
"02/20/2024",0.3,"Pinellas"
"02/21/2024",0.3,"Pinellas"
"02/22/2024",0.4,"Pinellas"
"02/23/2024",0.6,"Pinellas"
"02/24/2024",0.1,"Pinellas"
"02/25/2024",0.3,"Pinellas"
"02/26/2024",0.5,"Pinellas"
"02/27/2024",0.6,"Pinellas"
"02/28/2024",0.3,"Pinellas"
"02/29/2024",0.4,"Pinellas"
"03/01/2024",0.3,"Pinellas"
"03/02/2024",0.4,"Pinellas"
"03/03/2024",0.4,"Pinellas"
"03/04/2024",0.3,"Pinellas"
"03/05/2024",0.3,"Pinellas"
"03/06/2024",0.2,"Pinellas"
"03/07/2024",0.3,"Pinellas"
"03/08/2024",0.4,"Pinellas"
"03/09/2024",0.3,"Pinellas"
"03/10/2024",0.1,"Pinellas"
"03/11/2024",0.3,"Pinellas"
"03/12/2024",0.3,"Pinellas"
"03/13/2024",0.4,"Pinellas"
"03/14/2024",0.4,"Pinellas"
"03/15/2024",0.5,"Pinellas"
"03/16/2024",0.4,"Pinellas"
"03/17/2024",0.2,"Pinellas"
"03/18/2024",0.2,"Pinellas"
"03/19/2024",0.3,"Pinellas"
"03/20/2024",0.3,"Pinellas"
"03/21/2024",0.4,"Pinellas"
"03/22/2024",0.3,"Pinellas"
"03/23/2024",0.2,"Pinellas"
"03/24/2024",0.2,"Pinellas"
"03/25/2024",0.3,"Pinellas"
"03/26/2024",0.3,"Pinellas"
"03/27/2024",0.4,"Pinellas"
"03/28/2024",0.3,"Pinellas"
"03/29/2024",0.3,"Pinellas"
"03/30/2024",0.4,"Pinellas"
"03/31/2024",0.5,"Pinellas"
"04/01/2024",0.5,"Pinellas"
"04/02/2024",0.4,"Pinellas"
"04/03/2024",0.3,"Pinellas"
"04/04/2024",0.2,"Pinellas"
"04/05/2024",0.3,"Pinellas"
"04/06/2024",0.2,"Pinellas"
"04/07/2024",0.3,"Pinellas"
"04/08/2024",0.3,"Pinellas"
"04/09/2024",0.3,"Pinellas"
"04/10/2024",0.3,"Pinellas"
"04/11/2024",0.3,"Pinellas"
"04/12/2024",0.2,"Pinellas"
"04/13/2024",0.2,"Pinellas"
"04/14/2024",0.3,"Pinellas"
"04/15/2024",0.4,"Pinellas"
"04/16/2024",0.3,"Pinellas"
"04/17/2024",0.3,"Pinellas"
"04/18/2024",0.4,"Pinellas"
"04/19/2024",0.2,"Pinellas"
"04/20/2024",0.4,"Pinellas"
"04/21/2024",0.4,"Pinellas"
"04/22/2024",0.2,"Pinellas"
"04/23/2024",0.3,"Pinellas"
"04/24/2024",0.3,"Pinellas"
"04/25/2024",0.4,"Pinellas"
"04/26/2024",0.4,"Pinellas"
"04/27/2024",0.3,"Pinellas"
"04/28/2024",0.3,"Pinellas"
"04/29/2024",0.3,"Pinellas"
"04/30/2024",0.4,"Pinellas"
"05/01/2024",0.4,"Pinellas"
"05/02/2024",0.3,"Pinellas"
"05/03/2024",0.3,"Pinellas"
"05/04/2024",0.3,"Pinellas"
"05/05/2024",0.3,"Pinellas"
"05/06/2024",0.3,"Pinellas"
"05/07/2024",0.3,"Pinellas"
"05/08/2024",0.4,"Pinellas"
"05/09/2024",0.3,"Pinellas"
"05/10/2024",0.3,"Pinellas"
"05/11/2024",0.2,"Pinellas"
"05/12/2024",0.3,"Pinellas"
"05/13/2024",0.4,"Pinellas"
"05/14/2024",0.3,"Pinellas"
"05/15/2024",0.2,"Pinellas"
"05/16/2024",0.2,"Pinellas"
"05/17/2024",0.4,"Pinellas"
"05/18/2024",0.3,"Pinellas"
"05/19/2024",0.2,"Pinellas"
"05/20/2024",0.2,"Pinellas"
"05/21/2024",0.3,"Pinellas"
"05/22/2024",0.3,"Pinellas"
"05/23/2024",0.3,"Pinellas"
"05/24/2024",0.3,"Pinellas"
"05/25/2024",0.2,"Pinellas"
"05/26/2024",0.4,"Pinellas"
"05/27/2024",0.5,"Pinellas"
"05/28/2024",0.2,"Pinellas"
"05/29/2024",0.3,"Pinellas"
"05/30/2024",0.4,"Pinellas"
"05/31/2024",0.3,"Pinellas"
"06/01/2024",0.3,"Pinellas"
"06/02/2024",0.2,"Pinellas"
"06/03/2024",0.3,"Pinellas"
"06/04/2024",0.3,"Pinellas"
"06/05/2024",0.3,"Pinellas"
"06/06/2024",0.2,"Pinellas"
"06/07/2024",0.3,"Pinellas"
"06/08/2024",0.1,"Pinellas"
"06/09/2024",0.2,"Pinellas"
"06/10/2024",0.2,"Pinellas"
"06/11/2024",0.3,"Pinellas"
"06/12/2024",0.2,"Pinellas"
"06/13/2024",0.3,"Pinellas"
"06/14/2024",0.3,"Pinellas"
"06/15/2024",0.3,"Pinellas"
"06/16/2024",0.3,"Pinellas"
"06/17/2024",0.2,"Pinellas"
"06/18/2024",0.3,"Pinellas"
"06/19/2024",0.2,"Pinellas"
"06/20/2024",0.3,"Pinellas"
"06/21/2024",0.3,"Pinellas"
"06/22/2024",0.4,"Pinellas"
"06/23/2024",0.3,"Pinellas"
"06/24/2024",0.3,"Pinellas"
"06/25/2024",0.3,"Pinellas"
"06/26/2024",0.2,"Pinellas"
"06/27/2024",0.2,"Pinellas"
"06/28/2024",0.4,"Pinellas"
"06/29/2024",0.4,"Pinellas"
"06/30/2024",0.4,"Pinellas"
"07/01/2024",0.4,"Pinellas"
"07/02/2024",0.3,"Pinellas"
"07/03/2024",0.3,"Pinellas"
"07/04/2024",0.3,"Pinellas"
"07/05/2024",0.3,"Pinellas"
"07/06/2024",0.3,"Pinellas"
"07/07/2024",0.4,"Pinellas"
"07/08/2024",0.3,"Pinellas"
"07/09/2024",0.3,"Pinellas"
"07/10/2024",0.3,"Pinellas"
"07/11/2024",0.1,"Pinellas"
"07/12/2024",0.4,"Pinellas"
"07/13/2024",0.5,"Pinellas"
"07/14/2024",0.3,"Pinellas"
"07/15/2024",0.3,"Pinellas"
"07/16/2024",0.3,"Pinellas"
"07/17/2024",0.4,"Pinellas"
"07/18/2024",0.3,"Pinellas"
"07/19/2024",0.3,"Pinellas"
"07/20/2024",0.3,"Pinellas"
"07/21/2024",0.3,"Pinellas"
"07/22/2024",0.3,"Pinellas"
"07/23/2024",0.3,"Pinellas"
"07/24/2024",0.3,"Pinellas"
"07/25/2024",0.3,"Pinellas"
"07/26/2024",0.4,"Pinellas"
"07/27/2024",0.4,"Pinellas"
"07/28/2024",0.4,"Pinellas"
"07/29/2024",0.3,"Pinellas"
"07/30/2024",0.3,"Pinellas"
"07/31/2024",0.4,"Pinellas"
"08/01/2024",0.2,"Pinellas"
"08/02/2024",0.2,"Pinellas"
"08/03/2024",0.3,"Pinellas"
"08/04/2024",0.2,"Pinellas"
"08/05/2024",0.2,"Pinellas"
"08/06/2024",0.2,"Pinellas"
"08/07/2024",0.3,"Pinellas"
"08/08/2024",0.3,"Pinellas"
"08/09/2024",0.4,"Pinellas"
"08/13/2024",0.2,"Pinellas"
"08/14/2024",0.4,"Pinellas"
"08/15/2024",0.3,"Pinellas"
"08/16/2024",0.3,"Pinellas"
"08/17/2024",0.3,"Pinellas"
"08/18/2024",0.3,"Pinellas"
"08/19/2024",0.5,"Pinellas"
"08/20/2024",0.3,"Pinellas"
"08/21/2024",0.4,"Pinellas"
"08/22/2024",0.4,"Pinellas"
"08/23/2024",0.4,"Pinellas"
"08/24/2024",0.3,"Pinellas"
"08/25/2024",0.3,"Pinellas"
"08/26/2024",0.3,"Pinellas"
"08/27/2024",0.4,"Pinellas"
"08/28/2024",0.4,"Pinellas"
"08/29/2024",0.3,"Pinellas"
"08/30/2024",0.3,"Pinellas"
"08/31/2024",0.3,"Pinellas"
"09/01/2024",0.3,"Pinellas"
"09/02/2024",0.3,"Pinellas"
"09/03/2024",0.3,"Pinellas"
"09/04/2024",0.4,"Pinellas"
"09/05/2024",0.4,"Pinellas"
"09/06/2024",0.4,"Pinellas"
"09/07/2024",0.3,"Pinellas"
"09/08/2024",0.3,"Pinellas"
"09/09/2024",0.4,"Pinellas"
"09/10/2024",0.3,"Pinellas"
"09/11/2024",0.3,"Pinellas"
"09/12/2024",0.4,"Pinellas"
"09/13/2024",0.4,"Pinellas"
"09/14/2024",0.4,"Pinellas"
"09/15/2024",0.4,"Pinellas"
"09/16/2024",0.3,"Pinellas"
"09/17/2024",0.4,"Pinellas"
"09/18/2024",0.4,"Pinellas"
"09/19/2024",0.4,"Pinellas"
"09/20/2024",0.4,"Pinellas"
"09/21/2024",0.4,"Pinellas"
"09/22/2024",0.3,"Pinellas"
"09/23/2024",0.4,"Pinellas"
"09/24/2024",0.4,"Pinellas"
"09/25/2024",0.3,"Pinellas"
"09/26/2024",0.3,"Pinellas"
"09/29/2024",0.6,"Pinellas"
"09/30/2024",0.4,"Pinellas"
"10/01/2024",0.1,"Pinellas"
